time,state,accel,vel,alt,roll,s1,s2,s3,ax,ay,az,gx,gy,gz,baro,temp,target
9,3,29.32211,83,-0.5774288,256.625,90,90,90,10.419241,12.902225,29.32211,256.625,1.5625,-91.3125,-27.858438,18.55,0
21,3,29.460749,83,-0.5823784,257.3125,90,85,85,-2.734754,-1.0763973,29.460749,257.3125,1.5625,-91.4375,-27.858438,18.55,-41.05313
33,3,29.50801,83,-0.57187843,259.0625,90,85,85,3.0040436,9.377675,29.50801,259.0625,1.5,-91.5625,-27.303785,18.54,-41.058075
45,3,29.675467,83,-0.56103325,260.875,90,85,85,-4.2723074,6.6410403,29.675467,260.875,1.3125,-91.8125,-27.303785,18.54,-41.098816
59,3,29.48292,83,-0.54989815,263.75,90,85,85,-1.9234731,0.79316103,29.48292,263.75,0.875,-91.625,-27.303785,18.54,-41.087982
72,3,29.345646,83,-0.53853416,265.6875,90,85,85,2.6836622,2.6381216,29.345646,265.6875,0.6875,-91.5,-27.303785,18.54,-41.076843
84,3,29.44949,83,-0.52700424,268.1875,90,85,85,-1.1870987,2.9084685,29.44949,268.1875,0.5,-91.5625,-27.303785,18.54,-41.06546
96,3,29.581476,83,-0.47297478,271.1875,90,85,85,-6.1468387,0.9322462,29.581476,271.1875,0.375,-91.6875,-26.126175,18.54,-41.053925
109,3,29.342613,83,-0.40472984,276.75,90,85,85,0.95683485,-3.8930821,29.342613,276.75,0.0625,-91.625,-26.126175,18.54,-40.99991
122,3,29.173487,83,-0.3215332,278.25,90,85,85,10.201703,8.115439,29.173487,278.25,0.125,-91.4375,-26.126175,18.54,-40.93167
150,3,29.331423,83,-0.22431183,280.375,90,85,85,1.7245011,-0.83275574,29.331423,280.375,-0.1875,-91.4375,-26.126175,18.54,-40.84848
164,3,29.35484,83,0.006565094,279.125,90,85,85,0.96341866,-0.7011369,29.35484,279.125,-0.25,-91.5,-24.769854,18.54,-40.75125
179,3,29.382956,83,0.30628395,278.3125,90,85,85,-0.18938455,1.9140713,29.382956,278.3125,-0.25,-91.5625,-24.769854,18.54,-40.520355
191,3,29.305643,83,0.6490631,278.375,90,85,85,2.8749638,-1.5697249,29.305643,278.375,-0.6875,-92.4375,-24.769854,18.54,-40.220642
204,3,29.271202,83,0.9906788,279.5,90,85,85,2.928678,0.10051034,29.271202,279.5,-1,-93.125,-24.769854,18.54,-39.87787
219,3,29.160385,83,1.7142925,281.375,90,85,85,4.3263664,-0.03869968,29.160385,281.375,-1.5,-94.0625,-22.878532,18.54,-39.536255
231,3,29.103277,83,2.436798,287.8125,90,85,85,4.746169,1.4670129,29.103277,287.8125,-3.125,-96.375,-22.878532,18.54,-38.812622
243,3,28.540741,83,3.006363,292.5625,90,85,85,7.9888234,2.8716316,28.540741,292.5625,-4.375,-97.5625,-22.878532,18.54,-38.09012
258,3,28.16176,83,3.390028,298.6875,90,85,85,9.408659,4.2850676,28.16176,298.6875,-5.875,-98.625,-22.878532,18.54,-37.52057
271,3,27.29379,83,3.6324444,315.375,90,85,85,12.610199,8.267289,27.29379,315.375,-10.1875,-99.9375,-22.878532,18.54,-37.1369
300,3,22.811071,83,4.046175,352.5,90,85,85,23.873222,13.963046,22.811071,352.5,-19.3125,-96.125,-21.879055,18.55,-36.89447
312,3,17.045374,83,4.3595657,6.75,90,85,85,36.342964,11.696623,17.045374,6.75,-22.125,-92.25,-21.879055,18.55,-36.480743
327,3,13.5066805,83,4.580534,20.8125,90,85,85,42.9268,8.952292,13.5066805,20.8125,-23.9375,-87.1875,-21.879055,18.55,-36.16736
339,3,11.850686,83,4.732712,33.9375,90,85,85,44.97617,4.5346274,11.850686,33.9375,-24.375,-81.3125,-21.879055,18.55,-35.94638
351,3,9.894007,83,7.5106754,57.6875,90,85,85,46.193676,-1.7613137,9.894007,57.6875,-20.5,-70.0625,-9.515132,18.53,-35.79422
365,3,5.9225364,83,12.312083,69.125,90,85,85,52.668427,0.51320064,5.9225364,69.125,-15.9375,-65.625,-9.515132,18.53,-33.016266
380,3,6.6827884,83,15.615035,93.5625,90,85,85,50.77786,-12.596203,6.6827884,93.5625,-1.8125,-61.6875,-9.515132,18.53,-28.214844
392,3,8.490536,83,16.78143,107,90,85,85,47.050625,-16.111135,8.490536,107,6,-63.1875,-9.515132,18.53,-24.911896
406,3,15.093899,83,17.158258,121.1875,90,85,85,30.212494,-42.3023,15.093899,121.1875,12.6875,-67.1875,-9.515132,18.53,-23.745514
420,3,21.557888,83,16.740257,153.875,90,85,85,13.854869,-48.221237,21.557888,153.875,19.875,-80,-11.101482,18.54,-23.368683
449,3,39.56227,83,16.504799,193.75,90,85,85,-37.33492,-21.169405,39.56227,193.75,18.375,-92,-11.101482,18.54,-23.786682
461,3,41.677986,83,16.366337,239.625,90,85,85,-42.16051,-0.93516576,41.677986,239.625,11.6875,-99.25,-11.101482,18.54,-24.022125
475,3,41.443233,83,16.880558,262.875,90,85,85,-29.050648,31.80975,41.443233,262.875,8.375,-101.5625,-8.54954,18.54,-24.160583
487,3,40.36107,83,17.326145,286.9375,90,85,85,-13.4108095,44.20004,40.36107,286.9375,4.5625,-103.125,-8.54954,18.54,-23.646362
499,3,37.833412,83,17.662094,311.75,90,85,85,4.8053155,48.53956,37.833412,311.75,0.25,-103.75,-8.54954,18.54,-23.200775
512,3,34.366856,83,17.896439,1,90,85,85,23.764273,47.13853,34.366856,1,-8.375,-100.8125,-8.54954,18.54,-22.864838
525,3,24.862883,83,18.055847,24.375,90,85,85,53.266567,24.703722,24.862883,24.375,-12,-97.25,-8.54954,18.54,-22.630493
537,3,20.108458,83,18.1651,46,90,85,85,60.838028,7.31412,20.108458,46,-14.375,-92.75,-8.54954,18.54,-22.4711
549,3,16.175571,83,19.42728,66,90,85,85,61.903587,-11.922958,16.175571,66,-15.125,-87.75,-2.5892255,18.52,-22.361847
562,3,13.149644,83,21.154049,102.375,90,85,85,57.034695,-30.13373,13.149644,102.375,-12.4375,-78.125,-2.5892255,18.52,-21.09964
590,3,11.269528,83,22.615704,149.1875,90,85,85,10.170102,-64.05189,11.269528,149.1875,1.6875,-69.3125,-2.5892255,18.52,-19.372894
602,3,19.087841,83,24.411278,163.0625,90,85,85,-25.350407,-56.319225,19.087841,163.0625,8.5,-69.9375,-0.44649878,18.52,-17.911224
617,3,25.755524,83,25.469292,176.9375,90,85,85,-37.9879,-44.062695,25.755524,176.9375,15,-73.3125,-0.44649878,18.52,-16.115631
631,3,33.003143,83,25.971415,208.4375,90,85,85,-45.14628,-27.894703,33.003143,208.4375,21.9375,-87.1875,-0.44649878,18.52,-15.057617
643,3,44.137794,83,26.213257,227.75,90,85,85,-40.82379,8.568687,44.137794,227.75,21,-95.25,-0.44649878,18.52,-14.555511
658,3,46.372746,83,26.342337,250,90,85,85,-29.841204,24.553465,46.372746,250,17.25,-102,-0.44649878,18.52,-14.31366
671,3,45.96599,83,28.264235,303.5,90,85,85,-14.376321,36.490993,45.96599,303.5,4.25,-109.25,7.066581,18.52,-14.18457
683,3,37.82381,83,30.747044,332.5625,90,85,85,22.868519,43.11493,37.82381,332.5625,-3.25,-109.1875,7.066581,18.52,-12.262665
695,3,31.040268,83,32.491337,0.375,90,85,85,40.059307,37.096924,31.040268,0.375,-10.3125,-106.375,7.066581,18.52,-9.779877
710,3,23.886553,83,33.30569,25.1875,90,85,85,53.508957,25.517332,23.886553,25.1875,-15.625,-101.125,7.066581,18.52,-8.0355835
739,3,9.419215,83,35.04303,83.5625,90,85,85,59.285732,-27.665062,9.419215,83.5625,-17.5625,-81.1875,10.461994,18.51,-7.221222
751,3,7.6759486,83,36.19477,115.375,90,85,85,48.873817,-44.21415,7.6759486,115.375,-9.5625,-71.375,10.461994,18.51,-5.4838867
763,3,10.018553,83,36.778473,130,90,85,85,15.501759,-63.375546,10.018553,130,-3.625,-68.9375,10.461994,18.51,-4.3321533
777,3,14.098164,83,37.06378,144.375,90,85,85,-3.5597386,-63.75998,14.098164,144.375,2.6875,-68.5,10.461994,18.51,-3.7484436
789,3,19.54933,83,37.214874,158.75,90,85,85,-21.168781,-57.79224,19.54933,158.75,9.0625,-70.0625,10.461994,18.51,-3.4631348
802,3,25.960367,83,38.632404,188.75,90,85,85,-35.12502,-46.236687,25.960367,188.75,19.1875,-79.4375,15.6873665,18.5,-3.3120422
815,3,38.925602,83,40.20459,205.6875,90,85,85,-46.114563,-12.161073,38.925602,205.6875,21.125,-86.875,15.6873665,18.5,-1.8945007
830,3,43.386276,83,41.329266,225.125,90,85,85,-42.151096,6.513602,43.386276,225.125,20.125,-94.5,15.6873665,18.5,-0.32232666
842,3,25.518847,83,41.937885,272.5625,90,85,85,-35.94715,30.078232,25.518847,272.5625,11.0625,-105.375,15.6873665,18.5,0.8023071
855,3,15.252484,83,42.246082,299.6875,90,85,85,-5.704788,50.610207,15.252484,299.6875,4.625,-107.8125,15.6873665,18.5,1.4109497
884,3,-7.9580865,83,43.825695,20.75,90,85,85,28.192225,49.593594,-7.9580865,20.75,-14.5,-102,20.316319,18.49,1.7191467
895,3,-23.647394,83,45.304634,43.4375,90,85,85,49.664852,22.136082,-23.647394,43.4375,-18.3125,-96.125,20.316319,18.49,3.2987366
911,3,-30.217924,83,46.230972,63.6875,90,85,85,52.22731,4.278538,-30.217924,63.6875,-19.875,-89.25,20.316319,18.49,4.7776794
923,3,-37.608795,83,46.706566,98.1875,90,85,85,48.43434,-12.27839,-37.608795,98.1875,-16.1875,-75.625,20.316319,18.49,5.70401
935,3,-37.51366,83,49.031006,113.1875,90,85,85,24.225803,-42.714508,-37.51366,113.1875,-11,-70.8125,26.399542,18.47,6.1796265
947,3,-40.910847,83,51.176064,127.25,90,85,85,5.004928,-48.27767,-40.910847,127.25,-4.5,-68.1875,26.399542,18.47,8.504059
961,3,-27.962152,83,52.34709,155.5,90,85,85,-11.163881,-51.83692,-27.962152,155.5,8.75,-69.3125,26.399542,18.47,10.649109
974,3,-18.33271,83,52.858047,170.25,90,85,85,-43.593506,-34.696957,-18.33271,170.25,14.4375,-73.0625,26.399542,18.47,11.820129
986,3,-11.612602,83,53.09117,185.9375,90,85,85,-52.868004,-19.34651,-11.612602,185.9375,18.5625,-78.6875,26.399542,18.47,12.331085
998,3,-7.2668204,83,55.099472,203.0625,90,85,85,-56.495213,-0.93393373,-7.2668204,203.0625,20.625,-85.5625,32.760715,18.47,12.564209
1028,3,2.5258763,83.075775,57.213646,267.6875,90,85,85,-29.479534,46.185654,2.5258763,267.6875,12.625,-104.5,32.760715,18.47,14.57251
1040,3,0.36646584,83.08017,58.51868,294.4375,90,85,85,-12.091486,53.909977,0.36646584,294.4375,6.25,-107.5625,32.760715,18.47,16.938416
1052,3,-6.135763,83.00654,59.122948,350.1875,90,85,85,6.0422835,56.0439,-6.135763,350.1875,-7.3125,-106.5625,32.760715,18.47,18.257996
1065,3,-19.064941,82.7587,61.497116,15.9375,90,85,85,38.108105,40.805397,-19.064941,15.9375,-13,-102.875,38.345013,18.47,18.617767
1079,3,-23.7572,82.426094,63.439964,39.25,90,85,85,48.356094,25.281483,-23.7572,39.25,-17.1875,-97.5,38.345013,18.47,20.167938
1092,3,-28.899946,82.05039,64.43115,60.1875,90,85,85,52.38418,7.3020363,-28.899946,60.1875,-19.375,-90.8125,38.345013,18.47,21.008606
1104,3,-36.552986,81.611755,64.86297,95.375,90,85,85,49.689415,-9.408243,-36.552986,95.375,-16.625,-76.8125,38.345013,18.47,20.759094
1118,3,-39.01748,81.06551,66.982635,110.5625,90,85,85,26.583786,-40.600822,-39.01748,110.5625,-11.8125,-71.6875,43.852524,18.47,19.737915
1133,3,-35.852806,80.527725,68.83854,139,90,85,85,9.731994,-49.12179,-35.852806,139,1,-67.6875,43.852524,18.46,20.041412
1145,3,-27.035166,80.2033,69.857925,153.125,90,85,85,-26.887283,-46.692783,-27.035166,153.125,7.6875,-68.9375,43.852524,18.46,20.10205
1174,3,-13.7146,79.80558,70.3223,200.1875,90,85,85,-51.262955,-20.975203,-13.7146,200.1875,20.1875,-84.625,43.852524,18.46,20.034637
1186,3,-4.3111496,79.753845,72.563385,219.0625,90,85,85,-54.4781,14.558214,-4.3111496,219.0625,20.0625,-91.625,49.610508,18.45,19.169739
1197,3,-2.4205961,79.72722,74.540375,240.125,90,85,85,-46.42069,31.892717,-2.4205961,240.125,17.6875,-98.125,49.610508,18.45,21.23877
1212,3,0.66974986,79.73727,75.60935,263.625,90,85,85,-32.52025,44.865166,0.66974986,263.625,13.4375,-103.4375,49.610508,18.45,23.127289
1224,3,-0.15836462,79.73537,76.08471,317.4375,90,85,85,-14.602057,54.199535,-0.15836462,317.4375,0.8125,-108.1875,49.610508,18.45,24.229584
1236,3,-10.257581,79.612274,76.30685,345.3125,90,85,85,21.015577,52.36845,-10.257581,345.3125,-5.9375,-107.125,49.610508,18.45,24.6987
1248,3,-16.311138,79.41654,77.72318,11.75,90,85,85,36.32876,42.613216,-16.311138,11.75,-12.0625,-103.9375,54.07261,18.45,24.511322
1262,3,-23.151058,79.09243,79.075836,35.6875,90,85,85,46.968197,28.23495,-23.151058,35.6875,-16.75,-98.75,54.07261,18.45,25.275696
1275,3,-29.754225,78.70563,79.96073,75.75,90,85,85,52.442154,11.80195,-29.754225,75.75,-19.5,-84.8125,54.07261,18.45,25.546478
1286,3,-36.461937,78.30454,80.43505,92.5625,90,85,85,42.788483,-25.157845,-36.461937,92.5625,-17.125,-78,54.07261,18.45,25.13678
1315,3,-30.610907,77.416824,82.53761,136.9375,90,85,85,-5.079929,-51.90884,-30.610907,136.9375,-0.375,-67.9375,59.56013,18.44,24.264801
1328,3,-29.73714,77.03024,84.44767,151.0625,90,85,85,-24.381319,-47.307713,-29.73714,151.0625,6.1875,-68.5625,59.56013,18.44,23.37442
1340,3,-21.343346,76.774124,85.52008,165.375,90,85,85,-39.41172,-38.728935,-21.343346,165.375,12.5,-71.375,59.56013,18.44,23.990112
1352,3,-14.436139,76.60089,86.009636,180.375,90,85,85,-50.51063,-24.737247,-14.436139,180.375,17.5,-76.5,59.56013,18.44,24.20288
1365,3,-7.0287495,76.509514,86.24089,215.25,90,85,85,-54.927116,-6.9000545,-7.0287495,215.25,20.625,-90.75,59.56013,18.44,24.110107
1378,3,-0.8926565,76.49791,87.8352,236.125,90,85,85,-47.910427,28.646788,-0.8926565,236.125,18.375,-97.5625,64.59164,18.44,24.033875
1390,3,0.1761387,76.50002,89.41109,259.5,90,85,85,-35.269375,42.989944,0.1761387,259.5,14.125,-102.9375,64.59164,18.44,25.58899
1402,3,0.1882611,76.50228,90.426414,285.25,90,85,85,-18.484856,52.239563,0.1882611,285.25,8.4375,-106.625,64.59164,18.44,27.171997
1415,3,-4.240575,76.44715,90.94689,340.75,90,85,85,0.5171533,57.09296,-4.240575,340.75,-4.9375,-107.5,64.59164,18.44,28.195007
1427,3,-16.15824,76.25325,91.20844,7.3125,90,85,85,33.791134,44.86807,-16.15824,7.3125,-11,-104.5625,64.59164,18.44,28.529877
1456,3,-30.984102,75.35471,92.90262,72.9375,90,85,85,51.728664,-5.132967,-30.984102,72.9375,-19.6875,-86.5625,69.86856,18.44,28.137787
1470,3,-36.50365,74.843666,94.60135,90.3125,90,85,85,44.43968,-22.189333,-36.50365,90.3125,-18.125,-79.375,69.86856,18.44,26.790436
1484,3,-39.03504,74.29717,95.68367,120.3125,90,85,85,31.827507,-36.541138,-39.03504,120.3125,-8.125,-69.4375,69.86856,18.44,26.758698
1496,3,-30.213943,73.93461,96.22482,134.3125,90,85,85,-1.5784923,-52.151608,-30.213943,134.3125,-1.375,-67.8125,69.86856,18.44,25.997284
1510,3,-26.051006,73.56989,98.01077,148.4375,90,85,85,-20.175722,-49.787937,-26.051006,148.4375,5.3125,-68.375,74.12008,18.43,25.311035
1524,3,-21.537579,73.268364,99.44101,177.875,90,85,85,-36.76467,-41.02917,-21.537579,177.875,16.625,-75.5625,74.12008,18.43,25.858673
1536,3,-7.953348,73.17292,100.23338,194,90,85,85,-55.11484,-10.974962,-7.953348,194,19.9375,-81.9375,74.12008,18.43,26.262451
1547,3,-2.0691562,73.15016,100.61964,211.9375,90,85,85,-55.147617,7.24985,-2.0691562,211.9375,20.8125,-89.25,74.12008,18.43,26.729523
1562,3,1.3250986,73.17004,100.81651,232.1875,90,85,85,-49.021687,25.08527,1.3250986,232.1875,19.125,-96.375,74.12008,18.43,27.038147
1575,3,2.5239918,73.20285,102.28251,280.4375,90,85,85,-36.55408,41.110306,2.5239918,280.4375,9.6875,-106.3125,79.068954,18.43,27.302856
1603,3,-5.5141788,73.048454,103.79966,336,90,85,85,15.633155,53.69643,-5.5141788,336,-3.75,-108.125,79.068954,18.43,28.880737
1615,3,-13.507385,72.88637,104.830025,27.8125,90,85,85,32.366924,47.367886,-13.507385,27.8125,-15.3125,-100.875,79.068954,18.43,29.871063
1628,3,-25.383072,72.55639,105.37777,49.875,90,85,85,51.395767,16.518814,-25.383072,49.875,-18.5625,-94.6875,79.068954,18.43,30.347809
1640,3,-30.491426,72.19049,107.28118,69.5625,90,85,85,52.197414,-1.9195535,-30.491426,69.5625,-19.5625,-87.75,83.666885,18.43,29.77359
1652,3,-33.685207,71.819954,108.861046,87.1875,90,85,85,46.695396,-19.979027,-33.685207,87.1875,-18.25,-80.8125,83.666885,18.43,30.437927
1665,3,-35.65592,71.32077,109.73561,118.1875,90,85,85,35.273247,-35.248253,-35.65592,118.1875,-9.4375,-70.5625,83.666885,18.43,30.7594
1676,3,-33.191372,70.955666,110.152054,132.4375,90,85,85,1.0871581,-51.171917,-33.191372,132.4375,-3,-68.25,83.666885,18.43,29.933044
1688,3,-28.550934,70.61305,110.35909,146.3125,90,85,85,-17.48562,-50.10814,-28.550934,146.3125,3.875,-68.125,83.666885,18.43,29.101135
1699,3,-21.323627,70.378494,111.73585,160.375,90,85,85,-33.87658,-43.275826,-21.323627,160.375,10.4375,-70.4375,88.17862,18.43,28.133514
1714,3,-14.339305,70.16341,113.0971,175.125,90,85,85,-46.67123,-30.831158,-14.339305,175.125,15.875,-74.875,88.17862,18.43,28.70874
1742,3,2.049654,70.220795,114.01356,228.6875,90,85,85,-50.25915,21.74908,2.049654,228.6875,19.3125,-95.375,88.17862,18.43,29.339691
1753,3,2.8647597,70.252304,114.511475,251.1875,90,85,85,-39.588367,37.70973,2.8647597,251.1875,15.6875,-101.5,88.17862,18.43,30.451202
1766,3,1.3940233,70.270424,116.30959,303.3125,90,67,67,-23.719252,50.290062,1.3940233,303.3125,4,-107.875,92.68013,18.42,31.056183
1777,3,-5.9085093,70.20543,117.84208,331.0625,90,54,54,12.268089,54.738777,-5.9085093,331.0625,-2.5,-107.875,92.68013,18.42,20.292816
1788,3,-10.702344,70.0877,118.71792,358.125,90,54,54,29.459352,47.76138,-10.702344,358.125,-8.75,-105.875,92.68013,18.42,1.1627502
1799,3,-16.777988,69.903145,119.14433,23.375,90,53,53,42.874557,35.49406,-16.777988,23.375,-14.125,-102,92.68013,18.42,0.65008545
1813,3,-22.560678,69.587296,119.358475,46.1875,90,53,53,51.08633,19.18934,-22.560678,46.1875,-17.9375,-96.3125,92.68013,18.42,0.02029419
1826,3,-30.589787,69.220215,121.02068,84.625,90,54,54,53.082436,2.4719765,-30.589787,84.625,-18.875,-82.1875,98.17791,18.42,-0.52267456
1837,3,-38.353447,68.75997,122.72528,100.6875,90,53,53,36.838577,-32.05826,-38.353447,100.6875,-15.625,-75.8125,98.07335,18.42,0.9084778
1848,3,-38.18593,68.33993,123.84035,115.5625,90,53,53,21.756992,-43.882782,-38.18593,115.5625,-10.3125,-71.25,98.07335,18.42,0.59451294
1876,3,-33.58508,67.39954,124.40464,157.9375,90,53,53,-14.653153,-48.735416,-33.58508,157.9375,9.1875,-70.5625,98.07335,18.42,0.13867188
1887,3,-24.142612,67.13397,124.68191,172.75,90,55,55,-46.82712,-30.742538,-24.142612,172.75,14.6875,-74.3125,98.07335,18.42,-1.6098022
1898,3,-18.232872,66.93341,125.262924,188.5625,90,54,54,-55.40694,-14.616953,-18.232872,188.5625,18.625,-79.75,99.51398,18.42,1.6551208
1911,3,-7.0592036,66.841644,125.67957,205.9375,90,54,54,-56.49688,1.8220141,-7.0592036,205.9375,20.375,-86.4375,99.51398,18.42,0.30795288
1925,3,5.8718295,66.92385,125.95243,225.625,90,54,54,-50.646477,17.423258,5.8718295,225.625,19.4375,-93.3125,99.51398,18.42,0.23703003
1936,3,-29.875452,66.59522,126.127594,271.8125,90,53,53,-46.895134,45.406185,-29.875452,271.8125,11.875,-103.125,99.51398,18.42,0.46166992
1947,3,-19.673817,66.37881,126.242256,297.1875,90,54,54,-10.7944355,53.549957,-19.673817,297.1875,6.625,-105.5625,99.51398,18.42,-0.65930176
1959,3,-27.270815,66.05156,127.11,322.875,90,54,54,4.042242,59.92763,-27.270815,322.875,1.375,-106.9375,103.2906,18.42,-0.48913574
1973,3,-35.2784,65.55766,128.09018,350.3125,90,54,54,22.413591,56.022915,-35.2784,350.3125,-5.0625,-106,103.2906,18.42,0.010620117
1986,3,-46.60021,64.95186,128.90045,40.5625,90,54,54,35.11494,45.440083,-46.60021,40.5625,-15.9375,-97.3125,103.2906,18.42,-0.21505737
2015,3,-64.75063,63.07409,129.43213,98,90,55,55,40.083164,-5.634724,-64.75063,98,-17.0625,-74.75,103.2906,18.42,-0.6528015
2027,3,-67.423546,62.265007,131.24188,113.375,90,60,60,30.698565,-20.145565,-67.423546,113.375,-12.375,-68.625,107.83728,18.41,-4.112442
2038,3,-65.78301,61.541393,132.8625,127.5625,90,58,58,-3.00828,-38.90112,-65.78301,127.5625,-5.75,-65,107.83728,18.41,3.382843
2048,3,-60.717293,60.93422,133.81186,141.625,90,58,58,-20.977695,-39.395615,-60.717293,141.625,1.25,-63.75,107.83728,18.41,0.5496826
2061,3,-55.854454,60.20811,134.27321,155.6875,90,58,58,-38.13244,-32.901836,-55.854454,155.6875,8.4375,-64.5,107.83728,18.41,-0.4987793
2074,3,-48.973072,59.57146,134.50185,169.9375,90,59,59,-51.628963,-21.364492,-48.973072,169.9375,15.1875,-67.5625,107.83728,18.41,-1.6755981
2087,3,-42.017406,59.025234,135.89427,201.6875,90,61,61,-58.932056,-5.018093,-42.017406,201.6875,23.5625,-79.75,112.261925,18.41,-1.921936
2098,3,-35.75577,58.63192,137.24045,219.625,90,61,61,-60.900536,13.075295,-35.75577,219.625,24.3125,-88.0625,112.261925,18.41,-0.67852783
2109,3,-27.95817,58.32438,138.13184,240.75,90,61,61,-47.53776,45.469276,-27.95817,240.75,21.6875,-95.5625,112.261925,18.41,0.027801514
2122,3,-27.133194,57.97165,138.61317,264,90,61,61,-32.67869,57.333496,-27.133194,264,17.3125,-101.625,112.261925,18.41,0.038848877
2149,3,-38.8353,56.923096,140.50745,346.5,90,61,61,20.597864,58.209904,-38.8353,346.5,-3.5,-106.25,117.10949,18.4,-0.4961548
2161,3,-45.940624,56.371807,142.1664,14,90,63,63,33.759113,47.015186,-45.940624,14,-10.6875,-103.0625,117.10949,18.4,-1.2641602
2175,3,-53.090485,55.62854,143.11264,38.5,90,63,63,42.178585,31.675743,-53.090485,38.5,-16,-97.5625,117.10949,18.4,0.38568115
2187,3,-59.605297,54.913277,143.5641,79.5,90,64,64,45.236633,15.370283,-59.605297,79.5,-20.125,-82,117.10949,18.4,-1.0281067
2198,3,-64.98074,54.19849,143.78607,96.5625,90,65,65,40.767612,-2.5200315,-64.98074,96.5625,-17.875,-74.6875,117.10949,18.4,-2.0574646
2209,3,-68.65123,53.443325,143.90689,112.0625,90,67,67,15.51607,-30.870771,-68.65123,112.0625,-13.3125,-68.1875,117.10949,18.4,-2.9813232
2222,3,-65.842865,52.587368,144.94379,125.9375,90,69,69,-1.7479419,-38.23989,-65.842865,125.9375,-6.375,-64.1875,121.12856,18.4,-3.9598541
2236,3,-41.00891,52.054253,146.03743,139.875,90,71,71,-12.921769,-47.050865,-41.00891,139.875,0.875,-62.75,121.12856,18.4,-4.1767883
2246,3,-56.15975,51.436497,146.86444,167.0625,90,74,74,-37.27479,-33.43784,-56.15975,167.0625,15.9375,-66.875,121.12856,18.4,-3.2995148
2257,3,-10.217532,51.324104,147.36742,181.5,90,75,75,-38.657326,-38.428684,-10.217532,181.5,21.5625,-73.5,121.12856,18.4,-3.493576
2287,3,1.0848087,51.356647,148.84392,234.875,90,77,77,-53.21702,14.560402,1.0848087,234.875,23.75,-99.1875,124.72986,18.39,-2.6315308
2297,3,15.700051,51.51365,150.07335,258.75,90,78,78,-40.957912,27.881033,15.700051,258.75,18.1875,-106.6875,124.72986,18.39,-0.5812073
2308,3,3.47612,51.551888,150.80801,286.5625,90,77,77,-13.854878,53.117672,3.47612,286.5625,10.625,-110.9375,124.72986,18.39,1.4148254
2319,3,3.5476494,51.59091,151.19191,316.0625,90,76,76,5.7272406,54.040867,3.5476494,316.0625,2.875,-112.5,124.72986,18.39,2.072998
2331,3,8.274833,51.69021,151.39632,346.125,90,75,75,26.04212,46.4878,8.274833,346.125,-5.0625,-112.375,124.72986,18.39,2.2249756
2342,3,-0.7500096,51.681957,152.59946,15.5625,90,73,73,40.70388,37.523636,-0.7500096,15.5625,-13.1875,-109.625,128.73712,18.39,2.3190918
2352,3,-17.868704,51.50327,153.7771,41.6875,90,72,72,48.525673,26.610043,-17.868704,41.6875,-20.0625,-103.625,128.73712,18.39,2.942688
2366,3,-29.227627,51.09408,154.59468,63.4375,90,70,70,51.71932,10.82574,-29.227627,63.4375,-23.875,-95.125,128.73712,18.39,2.8261414
2378,3,-27.351633,50.76586,155.06116,99.125,90,69,69,53.005558,-9.101084,-27.351633,99.125,-22.75,-77.9375,128.73712,18.39,1.6832275
2389,3,-36.22517,50.367386,155.317,114.1875,90,69,69,43.466774,-24.160715,-36.22517,114.1875,-18.1875,-70.5,128.73712,18.39,0.52682495
2417,3,-32.28318,49.463455,156.53561,152.4375,90,69,69,-6.390997,-50.787163,-32.28318,152.4375,6,-63.8125,132.53049,18.39,-0.6246948
2428,3,-24.109083,49.198254,157.68048,165.9375,90,72,72,-22.765123,-47.449844,-24.109083,165.9375,13.375,-67.125,132.53049,18.39,-2.017273
2439,3,-13.219048,49.052845,158.45297,180.25,90,72,72,-50.72421,-23.79336,-13.219048,180.25,19.5,-72.4375,132.53049,18.39,-0.4580078
2450,3,-7.385959,48.9716,158.88951,195.1875,90,72,72,-56.001606,-6.0850353,-7.385959,195.1875,24,-79.6875,132.53049,18.39,-0.044708252
2461,3,11.243962,49.095284,159.12973,211.6875,90,72,72,-51.471657,6.839314,11.243962,211.6875,25.8125,-89.0625,132.53049,18.39,0.14486694
2475,3,15.244311,49.308704,159.84366,231.4375,90,72,72,-43.852028,24.106571,15.244311,231.4375,23.625,-98.6875,134.6014,18.39,0.7444458
2488,3,11.565416,49.44749,160.4255,282.4375,90,70,70,-32.229477,40.267437,11.565416,282.4375,11.0625,-110.5625,134.6014,18.39,1.9669495
2498,3,14.2582655,49.604332,160.82664,311.9375,90,69,69,-13.66781,49.33201,14.2582655,311.9375,3.1875,-112.6875,134.6014,18.39,2.3961792
2509,3,14.35121,49.762196,161.08302,342.5625,90,68,68,5.8414073,51.632458,14.35121,342.5625,-5.1875,-112.625,134.6014,18.39,2.6098633
2519,3,-6.0539317,49.701656,161.24573,12.25,90,66,66,36.670353,41.90455,-6.0539317,12.25,-13.625,-109.6875,134.6014,18.39,2.6156006
2546,3,-27.101643,48.969913,162.32864,59.8125,90,65,65,51.520767,13.514602,-27.101643,59.8125,-24.1875,-94.875,138.79234,18.37,1.7990723
2557,3,-24.510122,48.700302,163.52246,78.4375,90,65,65,53.5438,-7.553544,-24.510122,78.4375,-24.8125,-85.75,138.79234,18.37,0.18835449
2568,3,-34.77947,48.317726,164.44142,110.5625,90,65,65,45.403385,-21.80071,-34.77947,110.5625,-18.5,-69.8125,138.79234,18.37,0.4404602
2579,3,-41.49688,47.86126,164.99527,124.125,90,65,65,31.22561,-34.23636,-41.49688,124.125,-11.5625,-64.4375,138.79234,18.37,0.0892334
2590,3,-32.013542,47.50911,165.30217,136.625,90,65,65,-2.9985282,-51.146957,-32.013542,136.625,-3,-61.75,138.79234,18.37,-0.73599243
2600,3,-21.983643,47.289272,166.12517,149.125,90,66,66,-19.77311,-50.80832,-21.983643,149.125,5.75,-62.375,140.98988,18.37,-1.2463989
2611,3,-18.108238,47.09008,166.78087,162.4375,90,66,66,-36.697266,-41.268635,-18.108238,162.4375,13.4375,-65.625,140.98988,18.37,-0.72268677
2623,3,-13.352362,46.92985,167.21579,176.625,90,66,66,-49.135075,-26.78856,-13.352362,176.625,19.75,-71.0625,140.98988,18.37,-0.47964478
2637,3,-9.069789,46.802876,167.48325,191.75,90,67,67,-55.8855,-8.715043,-9.069789,191.75,24.3125,-78.3125,140.98988,18.37,-0.39437866
2647,3,6.1367183,46.864243,167.64796,208.0625,90,67,67,-53.188713,5.6173425,6.1367183,208.0625,26.5625,-87.375,140.98988,18.37,-0.39413452
2677,3,8.950834,47.132767,168.66566,276.6875,90,67,67,-18.936285,49.217228,8.950834,276.6875,13.125,-110.6875,144.81935,18.37,0.08215332
2689,3,15.3540125,47.317017,169.73953,337.0625,90,64,64,2.8540215,51.242313,15.3540125,337.0625,-3.3125,-113.8125,144.81935,18.37,1.8826599
2699,3,-0.6786381,47.31023,170.55563,7.6875,90,63,63,18.587553,53.522976,-0.6786381,7.6875,-12.0625,-111.625,144.81935,18.37,2.0775757
2710,3,-16.299849,47.13093,171.05531,34.625,90,62,62,45.243546,32.293133,-16.299849,34.625,-19.3125,-106,144.81935,18.37,2.1841736
2720,3,-26.362858,46.867302,171.33992,57.3125,90,61,61,50.95328,16.785263,-26.362858,57.3125,-23.9375,-98,144.81935,18.37,1.5362854
2730,3,-33.28558,46.534447,172.47678,76.3125,90,61,61,51.02969,-1.1257257,-33.28558,76.3125,-25.25,-88.6875,148.21465,18.36,0.589447
2740,3,-29.712908,46.237316,173.5073,93.4375,90,60,60,47.48297,-21.662235,-29.712908,93.4375,-23.6875,-80.1875,148.21465,18.36,0.6235962
2750,3,-36.8993,45.868324,174.19945,109.375,90,60,60,34.28494,-34.822086,-36.8993,109.375,-20.1875,-72.625,148.21465,18.36,0.641449
2761,3,-37.174942,45.4594,174.59789,123.625,90,60,60,18.158245,-45.204594,-37.174942,123.625,-14.1875,-66.625,148.21465,18.36,0.11480713
2772,3,-38.330463,45.037766,174.82262,136.625,90,60,60,-1.3478881,-48.47986,-38.330463,136.625,-6.375,-62.9375,148.21465,18.36,-0.64575195
2799,3,-15.224369,44.62671,175.66147,175.4375,90,61,61,-32.967285,-44.87568,-15.224369,175.4375,17.5,-70.125,150.82996,18.36,-1.3927307
2809,3,-14.01344,44.486576,176.39679,190.5625,90,63,63,-46.269543,-28.68989,-14.01344,190.5625,22.1875,-77,150.82996,18.36,-1.2989197
2820,3,-10.915863,44.3665,176.9132,207.125,90,63,63,-54.296192,-10.731679,-10.915863,207.125,24.5,-85.1875,150.82996,18.36,-0.096466064
2830,3,10.563937,44.47214,177.23631,225.5,90,63,63,-48.017933,19.951214,10.563937,225.5,24.3125,-93.9375,150.82996,18.36,0.10122681
2841,3,15.999625,44.648136,177.43394,246.875,90,62,62,-36.045227,34.15153,15.999625,246.875,20.875,-102.4375,150.82996,18.36,0.69854736
2851,3,8.567197,44.733807,177.5582,272.4375,90,62,62,-36.652576,38.14359,8.567197,272.4375,14.375,-108.5,150.82996,18.36,1.2282715
2861,3,4.233833,44.776146,178.39557,300.9375,90,61,61,-4.1922183,54.14828,4.233833,300.9375,6.8125,-111.6875,154.26857,18.36,1.2623596
2871,3,-3.5279336,44.740868,179.2882,330.9375,90,60,60,13.687528,54.40924,-3.5279336,330.9375,-1.125,-112.1875,154.26857,18.36,1.8994446
2882,3,-0.787497,44.732204,180.0029,0,90,59,59,32.5267,44.472446,-0.787497,0,-8.5625,-110.5625,154.26857,18.36,2.1993103
2892,3,-8.389989,44.648304,180.47136,27.75,90,58,58,45.42216,32.43048,-8.389989,27.75,-15.75,-106.9375,154.26857,18.36,2.2968445
2920,3,-31.287878,43.772243,180.75404,91.4375,90,57,57,53.011036,2.7903507,-31.287878,91.4375,-24.8125,-82,154.26857,18.36,1.8306885
2930,3,-34.2074,43.43017,181.85771,106.5625,90,58,58,48.393757,-15.758077,-34.2074,106.5625,-20.875,-73.5625,157.61845,18.35,-0.72488403
2941,3,-32.373985,43.074055,182.87787,120.625,90,58,58,22.638288,-45.8127,-32.373985,120.625,-14.75,-67.5625,157.61845,18.35,0.003723145
2951,3,-30.760109,42.766453,183.57632,134.1875,90,58,58,4.32262,-51.5709,-30.760109,134.1875,-7.5,-64.125,157.61845,18.35,0.060028076
2961,3,-33.224636,42.434208,183.98347,147.625,90,58,58,-16.30309,-48.36423,-33.224636,147.625,0.1875,-62.6875,157.61845,18.35,-0.08279419
2971,3,-27.09569,42.16325,184.2144,160.5625,90,58,58,-33.30564,-41.815536,-27.09569,160.5625,8.5,-63.4375,157.61845,18.35,-0.5393677
2981,3,-17.837023,41.98488,184.35101,173.4375,90,59,59,-46.088486,-30.87909,-17.837023,173.4375,16.4375,-67.25,157.61845,18.35,-0.9036865
2991,3,-5.879566,41.926083,184.84195,187.25,90,59,59,-52.985256,-17.135426,-5.879566,187.25,22.625,-73.875,159.35022,18.35,-1.0353699
3001,3,5.0110455,41.976192,185.26466,202.75,90,59,59,-53.826324,-1.0661582,5.0110455,202.75,26,-83,159.35022,18.35,-0.4668274
3011,3,1.6020025,41.992214,185.58388,220.8125,90,59,59,-51.267845,20.638975,1.6020025,220.8125,25.9375,-92.5625,159.35022,18.35,0.19656372
3039,3,10.3886,42.283096,185.808,293.1875,90,59,59,-24.490292,46.09618,10.3886,293.1875,10.3125,-113.1875,159.35022,18.35,0.51486206
3049,3,14.52551,42.428352,186.56888,324.5625,90,57,57,-5.180503,50.01512,14.52551,324.5625,1.25,-115.3125,161.88612,18.35,1.4071045
3060,3,8.889888,42.526142,187.3169,356.625,90,56,56,13.244474,50.904266,8.889888,356.625,-8.0625,-114.125,161.95813,18.34,1.6134644
3070,3,-4.2728133,42.483414,187.8875,25.5625,90,55,55,29.77502,48.97754,-4.2728133,25.5625,-16.125,-109.875,161.95813,18.34,2.2135925
3081,3,-14.084552,42.328484,188.26192,50.3125,90,54,54,42.714848,38.63709,-14.084552,50.3125,-22.1875,-102.8125,161.95813,18.34,2.0410156
3091,3,-23.46914,42.093792,188.49478,71.3125,90,53,53,54.059498,2.3769684,-23.46914,71.3125,-25.3125,-94.25,161.95813,18.34,1.4707642
3101,3,-26.263783,41.831154,188.641,89.9375,90,53,53,54.336197,4.408138,-26.263783,89.9375,-25.9375,-85.125,161.95813,18.34,0.6897888
3111,3,-37.134796,41.459805,188.73628,106.1875,90,53,53,38.725628,-29.642273,-37.134796,106.1875,-23.5,-76,161.95813,18.34,-0.0027771
3121,3,-41.105156,41.04875,189.43954,120.5625,90,53,53,23.06069,-40.47664,-41.105156,120.5625,-18.125,-68.4375,165.12659,18.34,-0.83813477
3131,3,-43.25084,40.616245,190.20299,133.3125,90,54,54,4.053508,-45.616478,-43.25084,133.3125,-10.3125,-63.125,165.12659,18.34,-0.9593506
3158,3,-24.774616,39.94733,190.84503,157.3125,90,54,54,-29.655193,-44.927864,-24.774616,157.3125,8,-62.375,165.12659,18.34,-1.0600891
3170,3,-11.599154,39.80814,191.29166,184.1875,90,57,57,-42.070114,-36.734642,-11.599154,184.1875,22.125,-73.0625,165.12659,18.34,-1.8563843
3181,3,-11.516028,39.681465,192.38208,199.6875,90,57,57,-52.12163,-17.16426,-11.516028,199.6875,25.8125,-81.3125,167.7891,18.34,-0.6932678
3192,3,-2.5695825,39.65577,193.29799,216.625,90,57,57,-54.420082,-0.39117852,-2.5695825,216.625,27,-90.9375,167.7891,18.34,0.23809814
3201,3,5.970952,39.715477,193.89104,236.4375,90,56,56,-50.184834,16.437159,5.970952,236.4375,24.625,-100.6875,167.7891,18.34,1.0345459
3211,3,17.926868,39.894745,194.23285,260.125,90,56,56,-38.648716,29.068775,17.926868,260.125,19,-108.6875,167.7891,18.34,1.5713501
3221,3,15.931611,40.05406,194.42947,288.6875,90,55,55,-24.981752,43.20174,15.931611,288.6875,10.75,-113.8125,167.7891,18.34,2.0454712
3231,3,11.016064,40.164223,194.5483,320.3125,90,54,54,-8.333109,52.135624,11.016064,320.3125,1.5625,-115.5625,167.7891,18.34,2.2045593
3242,3,4.8879633,40.21799,194.62451,351.9375,90,53,53,9.76868,54.37838,4.8879633,351.9375,-7.25,-114.5,167.7891,18.34,2.1050415
3252,3,-2.8660107,40.18933,195.23174,21.25,90,52,52,26.882883,50.31998,-2.8660107,21.25,-15.375,-110.75,170.63219,18.33,1.8257751
3280,3,-28.416285,39.393677,195.87611,88.1875,90,51,51,52.247326,8.098587,-28.416285,88.1875,-27.9375,-85.5,170.63219,18.33,1.8821106
3291,3,-34.386745,39.015423,196.42393,103.9375,90,50,50,50.46939,-8.721979,-34.386745,103.9375,-25.3125,-75.125,170.63219,18.33,0.14151001
3301,3,-42.384583,38.591576,196.81862,117.375,90,51,51,40.029514,-23.307413,-42.384583,117.375,-19.1875,-66.8125,170.63219,18.33,-0.30932617
3311,3,-37.500477,38.21657,197.67363,129.8125,90,51,51,28.00722,-39.063053,-37.500477,129.8125,-10.8125,-62.0625,172.70918,18.33,-0.86068726
3321,3,-35.795742,37.858616,198.3851,142.1875,90,51,51,10.682524,-47.28639,-35.795742,142.1875,-1.875,-60.25,172.70918,18.33,-0.72940063
3332,3,-32.91714,37.49653,198.86667,154.5625,90,52,52,-8.36372,-48.8529,-32.91714,154.5625,7.0625,-61.125,172.70918,18.33,-0.7399597
3342,3,-27.412445,37.222404,199.16293,167.5,90,52,52,-26.269976,-44.46944,-27.412445,167.5,15.25,-64.4375,172.70918,18.33,-0.9831543
3352,3,-19.392578,37.02848,199.34367,180.6875,90,53,53,-40.680027,-34.83978,-19.392578,180.6875,22.5,-70.375,172.70918,18.33,-1.1427002
3362,3,-9.378995,36.934692,199.4578,195,90,53,53,-49.991993,-21.295765,-9.378995,195,27.375,-79.5,172.70918,18.33,-1.2212219
3372,3,-0.49332735,36.92976,200.0008,211.5,90,54,54,-53.613995,-4.6793103,-0.49332735,211.5,28.6875,-90.25,174.88425,18.33,-1.1144409
3398,3,9.789212,37.18428,200.51572,255.625,90,54,54,-30.590351,42.84492,9.789212,255.625,19.6875,-108.8125,174.88425,18.32,-0.3841858
3407,3,8.862725,37.264046,200.92644,283.75,90,53,53,-13.348471,51.1774,8.862725,283.75,11.8125,-113.6875,174.88425,18.32,0.8280945
3420,3,6.6863008,37.350967,201.219,314.9375,90,53,53,5.710537,53.091766,6.6863008,314.9375,2.9375,-115.625,174.88425,18.32,1.0426025
3431,3,-0.4144634,37.34641,201.41724,17.125,90,52,52,23.27598,49.972485,-0.4144634,17.125,-14.625,-112,174.88425,18.32,1.3717651
3442,3,-9.0789175,37.24654,202.0741,43.8125,90,51,51,39.075577,42.296303,-9.0789175,43.8125,-22.0625,-105.625,177.10222,18.32,1.2184753
3452,3,-18.490889,37.06163,202.68216,65.875,90,50,50,47.83814,27.70881,-18.490889,65.875,-26.6875,-96.375,177.10222,18.32,1.3742676
3461,3,-29.27939,36.798115,203.14491,84,90,50,50,52.41198,13.205063,-29.27939,84,-27.5625,-85.625,177.10222,18.32,1.2419434
3472,3,-31.194784,36.45497,203.45766,99.3125,90,49,49,51.973503,-6.5622363,-31.194784,99.3125,-24.4375,-75.625,177.10222,18.32,0.82992554
3482,3,-34.442917,36.110542,203.66028,113.25,90,49,49,44.258797,-23.942202,-34.442917,113.25,-18.5625,-68.4375,177.10222,18.32,0.18954468
3492,3,-33.073254,35.779808,203.7925,126.6875,90,49,49,32.10928,-39.084023,-33.073254,126.6875,-11.25,-63.6875,177.10222,18.32,-0.44903564
3521,3,-28.283596,34.959583,204.32822,164.1875,90,50,50,-24.360544,-46.904903,-28.283596,164.1875,14.75,-64.4375,179.16158,18.32,-1.0083923
3532,3,-18.270695,34.776875,204.83037,176.9375,90,53,53,-37.76154,-37.9943,-18.270695,176.9375,22.25,-70.75,179.16158,18.32,-2.2328491
3542,3,-5.8800936,34.712193,205.22838,191.375,90,54,54,-47.32534,-26.270445,-5.8800936,191.375,26.9375,-79.9375,179.16158,18.32,-1.1206665
3552,3,0.19856088,34.71418,205.51154,208.3125,90,54,54,-52.995647,-8.644828,0.19856088,208.3125,27.8125,-90.625,179.16158,18.32,-0.7099304
3562,3,6.2948594,34.77713,205.70383,228.75,90,54,54,-51.91419,9.54127,6.2948594,228.75,24.75,-100.375,179.16158,18.32,-0.30444336
3572,3,6.2714887,34.839844,206.40175,252.75,90,54,54,-45.75516,28.358149,6.2714887,252.75,19.1875,-107.6875,181.59383,18.31,0.088378906
3582,3,8.229686,34.922142,207.06577,280,90,54,54,-32.814808,42.295986,8.229686,280,12.125,-112.5625,181.59383,18.31,0.9274597
3593,3,12.252674,35.056923,207.57538,310.125,90,53,53,-14.753594,49.86354,12.252674,310.125,3.875,-115.0625,181.59383,18.31,1.6531067
3602,3,8.462932,35.13309,207.9173,310.125,90,52,52,2.6444614,52.68286,8.462932,310.125,3.875,-115.0625,181.59383,18.31,2.2348938
3612,3,5.0708127,35.1838,208.1356,12.25,90,51,51,22.566528,50.450657,5.0708127,12.25,-13.5,-112.5,181.59383,18.31,2.365326
3641,3,-27.492184,34.386528,209.00621,61.75,90,49,49,51.1428,14.825016,-27.492184,61.75,-25.875,-97.5625,184.49907,18.31,2.3503113
3651,3,-33.296875,34.086857,209.83398,80.1875,90,48,48,50.69764,-3.4954796,-33.296875,80.1875,-26.9375,-87.3125,184.49907,18.31,0.9640198
3660,3,-35.7823,33.729034,210.44249,96.0625,90,48,48,44.484417,-21.601357,-35.7823,96.0625,-24.4375,-77.6875,184.49907,18.31,0.6497803
3671,3,-32.458572,33.37199,210.82635,124.625,90,48,48,33.91886,-38.22554,-32.458572,124.625,-12.75,-65.5,184.49907,18.31,0.34088135
3682,3,-36.206814,32.973717,211.05785,137.8125,90,48,48,17.12665,-45.47578,-36.206814,137.8125,-4.875,-62.5625,184.49907,18.31,-0.12710571
3693,3,-36.301804,32.574398,211.6455,150.4375,90,48,48,-2.272917,-48.304016,-36.301804,150.4375,3.6875,-62.125,186.18925,18.31,-0.7704773
3702,3,-30.774134,32.297432,212.15327,162.875,90,49,49,-21.582638,-47.362587,-30.774134,162.875,12.3125,-64.125,186.29114,18.3,-0.96429443
3712,3,-23.633968,32.061092,212.51802,175.5625,90,49,49,-37.559223,-39.396267,-23.633968,175.5625,20.125,-69.4375,186.29114,18.3,-0.9400635
3722,3,-9.17293,31.969362,212.76108,189.6875,90,50,50,-46.32645,-28.2126,-9.17293,189.6875,25.4375,-77.9375,186.29114,18.3,-1.0028992
3733,3,-0.41916034,31.964752,212.92061,206.125,90,50,50,-52.31404,-12.186369,-0.41916034,206.125,27.125,-88.125,186.29114,18.3,-0.838501
3758,3,5.0687366,32.09147,213.5009,249.1875,90,50,50,-37.067547,40.08305,5.0687366,249.1875,19.8125,-105.5625,188.38046,18.3,-0.5800476
3771,3,8.335592,32.199833,214.03734,275.6875,90,50,50,-19.977545,49.079163,8.335592,275.6875,13.125,-110.5625,188.38046,18.3,0.37722778
3782,3,7.4456344,32.281734,214.45335,335.5,90,49,49,-1.1161293,53.11303,7.4456344,335.5,-2.8125,-113.9375,188.38046,18.3,1.0410461
3793,3,5.8397474,32.34597,214.7427,5.8125,90,48,48,19.29226,51.43555,5.8397474,5.8125,-11.25,-111.875,188.38046,18.3,1.4644775
3802,3,-1.5516201,32.332005,214.93558,33.4375,90,47,47,34.420166,43.1802,-1.5516201,33.4375,-18.875,-106.875,188.38046,18.3,1.6799927
3812,3,-12.586032,32.206142,215.06438,56.8125,90,47,47,45.766434,31.83166,-12.586032,56.8125,-24.125,-98.8125,188.38046,18.3,1.581604
3823,3,-23.614397,31.97,215.70651,76.125,90,46,46,52.513218,18.002064,-23.614397,76.125,-25.9375,-89.0625,190.9967,18.3,1.2327576
3833,3,-25.455305,31.689991,216.35492,92.75,90,46,46,54.496307,-1.7751629,-25.455305,92.75,-24.3125,-79.625,190.9967,18.29,1.1895142
3843,3,-31.189503,31.378096,216.8815,107.8125,90,45,45,48.383003,-19.149368,-31.189503,107.8125,-19.9375,-71.8125,190.9967,18.29,1.0643005
3853,3,-35.44319,31.023664,217.2492,121.875,90,45,45,36.339092,-33.714302,-35.44319,121.875,-13.6875,-66,190.9967,18.29,0.75213623
3881,3,-29.91297,30.186102,217.48892,147.375,90,44,44,-18.000399,-48.99228,-29.91297,147.375,2.9375,-61.4375,190.9967,18.29,0.25674438
3893,3,-17.182493,29.979912,217.95096,172.5,90,46,46,-32.692192,-44.658283,-17.182493,172.5,19.5,-69.1875,192.19878,18.29,-1.3145447
3902,3,-7.325807,29.91398,218.3155,187,90,47,47,-44.76236,-33.367,-7.325807,187,24.4375,-77.4375,192.19878,18.29,-0.8645935
3911,3,1.6675792,29.92899,218.5766,187,90,47,47,-51.71982,-17.863512,1.6675792,187,24.4375,-77.4375,192.19878,18.29,-0.5262146
3922,3,0.8326947,29.938148,218.75609,223,90,47,47,-54.954784,3.2369986,0.8326947,223,24.875,-95.9375,192.19878,18.29,-0.17941284
3933,3,7.7868295,30.023804,218.87917,244.9375,90,47,47,-48.088135,21.233677,7.7868295,244.9375,21,-104,192.19878,18.29,0.038024902
3943,3,15.556196,30.179365,218.96509,270.375,90,47,47,-35.67441,34.697487,15.556196,270.375,14.75,-110.1875,192.19878,18.29,0.34329224
3953,3,15.589328,30.335258,219.34782,299.5625,90,47,47,-21.20995,45.00489,15.589328,299.5625,6.6875,-113.9375,193.9389,18.29,0.7252197
3962,3,12.29197,30.445887,219.71796,331.375,90,46,46,-3.300927,51.169476,12.29197,331.375,-2.4375,-114.6875,193.9389,18.29,1.3627319
3973,3,5.5652466,30.507105,220.0316,2,90,45,45,14.763595,51.590702,5.5652466,2,-11.125,-112.125,193.9389,18.29,1.8115234
3998,3,-19.230429,30.026344,220.27336,52.25,90,44,44,51.73554,18.690033,-19.230429,52.25,-23.1875,-99.25,193.9389,18.29,2.0604553
4007,3,-26.592564,29.787012,220.4502,72.0625,90,43,43,53.216434,1.0291044,-26.592564,72.0625,-25.125,-90.4375,193.9389,18.29,1.0027161
4018,3,-31.84056,29.436766,220.86972,89.8125,90,42,42,48.44686,-16.802324,-31.84056,89.8125,-24.5,-81.5,195.294,18.29,0.37921143
4031,3,-35.65543,28.973246,221.23982,105.4375,90,42,42,37.572437,-32.20189,-35.65543,105.4375,-20.9375,-73.4375,195.294,18.29,0.041503906
4042,3,-39.3028,28.540915,221.52963,119.25,90,43,43,21.326303,-42.640564,-39.3028,119.25,-14.625,-67.1875,195.294,18.29,-0.5474243
4052,3,-38.227253,28.158642,221.7409,131.9375,90,43,43,2.9096327,-48.470497,-38.227253,131.9375,-6.5,-63.3125,195.294,18.29,-1.0764465
4061,3,-29.222595,27.895638,221.89052,143.75,90,44,44,-14.345287,-50.428436,-29.222595,143.75,2.6875,-62.25,195.294,18.29,-1.5299988
4072,3,-22.172602,27.65174,221.99643,168,90,45,45,-31.31689,-44.737125,-22.172602,168,19.875,-69.8125,195.294,18.29,-1.7709045
4083,3,-10.807423,27.532858,222.39478,182,90,46,46,-43.57742,-34.910244,-10.807423,182,25.25,-78.125,196.97621,18.29,-2.0202332
4094,3,-2.4947567,27.505415,222.77388,198.1875,90,47,47,-50.86713,-18.38807,-2.4947567,198.1875,27.25,-88.125,196.97621,18.29,-1.6721191
4122,3,9.506131,27.771587,223.08974,239.6875,90,48,48,-40.81753,33.31386,9.506131,239.6875,21.3125,-106,196.97621,18.29,-1.1929932
4133,3,9.865722,27.88011,223.3297,294.8125,90,48,48,-26.005001,45.574398,9.865722,294.8125,7.1875,-115.0625,196.97621,18.29,-0.2079773
4144,3,9.638109,27.98613,223.98497,326,90,48,48,-6.6697965,52.901882,9.638109,326,-1.125,-116.0625,199.04567,18.29,0.31939697
4153,3,4.5028477,28.026655,224.63756,357.25,90,47,47,10.838738,52.899895,4.5028477,357.25,-9.6875,-114.625,199.18355,18.28,1.1730957
4162,3,-1.1146127,28.016624,225.14603,357.25,90,46,46,28.386816,47.262783,-1.1146127,357.25,-9.6875,-114.625,199.18355,18.28,1.7955933
4173,3,-9.879546,27.90795,225.49136,50.875,90,45,45,41.92463,36.86494,-9.879546,50.875,-23.875,-103.25,199.18355,18.28,2.132141
4184,3,-20.873922,27.678337,225.71356,71.5,90,44,44,50.83867,24.20971,-20.873922,71.5,-27.1875,-93.5,199.18355,18.28,2.0734558
4194,3,-30.187086,27.376467,225.85689,88.5625,90,43,43,52.87701,7.519508,-30.187086,88.5625,-26.75,-82.8125,199.18355,18.28,1.6155701
4203,3,-36.579582,27.04725,225.95209,103,90,43,43,47.90508,-11.437475,-36.579582,103,-22.4375,-73.375,199.18355,18.28,0.97817993
4213,3,-39.534214,26.651909,226.3987,103,90,43,43,38.419533,-27.888386,-39.534214,103,-22.4375,-73.375,201.10681,18.28,0.31121826
4240,3,-26.795422,25.928432,226.82625,139.875,90,43,43,-9.820021,-52.25753,-26.795422,139.875,2.5,-62.9375,201.10681,18.28,-0.056488037
4249,3,-19.263588,25.75506,227.17908,152.25,90,44,44,-26.932035,-47.974945,-19.263588,152.25,11.0625,-65.375,201.10681,18.28,-1.0642395
4258,3,-11.874357,25.648191,227.44197,165.5625,90,45,45,-41.2928,-37.549046,-11.874357,165.5625,18.25,-70.4375,201.10681,18.28,-0.8406067
4268,3,-4.881106,25.59938,227.62802,180.0625,90,45,45,-50.966644,-22.450043,-4.881106,180.0625,23.3125,-77.625,201.10681,18.28,-0.7382202
4278,3,0.49509254,25.604332,227.99373,196.3125,90,45,45,-54.933964,-4.3033347,0.49509254,196.3125,25.875,-86.3125,202.15575,18.28,-0.6029968
4289,3,5.996991,25.6703,228.29681,214.625,90,45,45,-51.954205,13.871998,5.996991,214.625,25.5,-95.4375,202.15575,18.28,-0.18383789
4297,3,9.965623,25.750025,228.52701,235.6875,90,45,45,-42.7467,30.295353,9.965623,235.6875,22.375,-103.875,202.15575,18.28,0.26678467
4306,3,11.643065,25.854813,228.6941,260.1875,90,45,45,-28.481665,43.094673,11.643065,260.1875,16.75,-110.5625,202.15575,18.28,0.6380005
4315,3,11.400338,25.957417,228.81386,288.5,90,44,44,-10.665421,50.544437,11.400338,288.5,9.25,-114.9375,202.15575,18.28,0.98049927
4325,3,11.822567,26.075642,228.90027,319.875,90,44,44,-9.511837,51.488033,11.822567,319.875,0.625,-116.75,202.15575,18.28,1.2420044
4350,3,-9.108152,25.847939,229.23666,21.375,90,43,43,39.471176,39.517174,-9.108152,21.375,-16.5625,-111.75,203.68524,18.28,1.4815369
4359,3,-19.492933,25.672503,229.55867,46.75,90,42,42,48.54924,26.052443,-19.492933,46.75,-23.0625,-104.6875,203.68524,18.28,1.2467346
4369,3,-28.116982,25.391333,229.83324,67.6875,90,41,41,52.079933,9.247634,-28.116982,67.6875,-26.6875,-95.1875,203.68524,18.28,0.9761658
4381,3,-34.170723,24.981283,230.04865,85.125,90,41,41,49.586277,-8.811804,-34.170723,85.125,-26.625,-84.8125,203.68524,18.28,0.6451111
4393,3,-37.370052,24.532843,230.20981,100.125,90,41,41,41.237076,-25.814623,-37.370052,100.125,-23,-75.5,203.68524,18.28,0.026733398
4402,3,-36.84194,24.201265,230.81667,113.625,90,41,41,28.1715,-39.93743,-36.84194,113.625,-16.6875,-68.625,206.05864,18.28,-0.67852783
4411,3,-34.13864,23.894018,231.4334,126.3125,90,41,41,11.423904,-48.941044,-34.13864,126.3125,-8.6875,-64.5625,206.05864,18.28,-0.65319824
4422,3,-29.270283,23.572044,231.94151,138.6875,90,42,42,-6.8943095,-51.88641,-29.270283,138.6875,0,-63.3125,206.05864,18.28,-0.5762329
4434,3,-22.96665,23.296444,232.3024,164.0625,90,42,42,-24.684454,-48.362965,-22.96665,164.0625,16.3125,-68.4375,206.05864,18.28,-0.64404297
4445,3,-16.35271,23.116564,232.54114,177.8125,90,43,43,-39.96361,-38.626144,-16.35271,177.8125,22.5625,-74.75,206.05864,18.28,-0.76452637
4473,3,7.3805346,23.32322,233.18732,209.75,90,43,43,-52.27142,9.875513,7.3805346,209.75,27.5,-93.0625,207.996,18.29,-0.81729126
4484,3,12.933529,23.465488,233.74655,253.3125,90,43,43,-43.7335,26.173576,12.933529,253.3125,19.5,-110.6875,207.996,18.29,0.2722168
4495,3,14.989759,23.630375,234.15413,281.625,90,42,42,-29.904549,38.467587,14.989759,281.625,11.5,-116.25,207.996,18.29,1.0598145
4503,3,13.789111,23.740688,234.42508,281.625,90,41,41,-13.522634,47.22331,13.789111,281.625,11.5,-116.25,207.996,18.29,1.71344
4512,3,9.967814,23.830399,234.60097,314.0625,90,40,40,5.132415,51.938293,9.967814,314.0625,2.0625,-118.8125,207.996,18.29,2.0812988
4524,3,1.328239,23.846338,234.71696,347.75,90,39,39,22.21747,50.024532,1.328239,347.75,-7.6875,-118.0625,207.996,18.29,2.3241882
4535,3,-8.963021,23.756708,234.8735,44.5625,90,38,38,36.54703,42.303314,-8.963021,44.5625,-24.1875,-106.3125,208.36794,18.29,2.3397522
4545,3,-19.731262,23.539663,234.99144,65.375,90,37,37,46.399403,29.719212,-19.731262,65.375,-28.125,-95.9375,208.36794,18.29,2.1521606
4554,3,-29.501968,23.274145,235.07985,82.25,90,36,36,50.68294,13.654925,-29.501968,82.25,-28,-84.5,208.36794,18.29,1.7331238
4563,3,-35.97275,22.95039,235.14656,82.25,90,35,35,49.341217,-4.4321365,-35.97275,82.25,-28,-84.5,208.36794,18.29,1.2249146
4589,3,-34.367344,22.056839,235.19754,121.125,90,35,35,14.846495,-47.901367,-34.367344,121.125,-7.9375,-63.5625,208.36794,18.29,0.65771484
4597,3,-27.667324,21.8355,235.50536,133.0625,90,36,36,-2.514943,-52.821426,-27.667324,133.0625,1.1875,-62.875,210.20055,18.29,-0.8965759
4606,3,-27.716354,21.586054,235.83305,145.625,90,36,36,-1.8410321,-51.47319,-27.716354,145.625,9.6875,-64.8125,210.20055,18.29,-0.8494568
4615,3,-20.608849,21.400574,236.13995,158.75,90,37,37,-20.27513,-50.847702,-20.608849,158.75,17.125,-69.375,210.20055,18.29,-0.91744995
4625,3,-12.874252,21.271832,236.39793,173.125,90,37,37,-35.86194,-42.431137,-12.874252,173.125,22.5625,-76.25,210.20055,18.29,-0.89190674
4635,3,-7.434499,21.197487,236.59906,189.0625,90,38,38,-47.330254,-27.381897,-7.434499,189.0625,25.5,-84.6875,210.20055,18.29,-0.8204346
4646,3,-0.43917656,21.192656,236.74953,207.0625,90,38,38,-53.011032,-10.248324,-0.43917656,207.0625,25.6875,-93.6875,210.20055,18.29,-0.7118225
4654,3,5.0763435,21.233267,236.86044,227.3125,90,38,38,-53.30482,6.909213,5.0763435,227.3125,23.25,-102.3125,210.20055,18.29,-0.5383301
4663,3,9.117514,21.315325,237.38188,227.3125,90,38,38,-46.68585,24.288355,9.117514,227.3125,23.25,-102.3125,212.55798,18.29,-0.3305359
4674,3,11.144886,21.437918,237.92938,251.0625,90,38,38,-34.41748,38.828434,11.144886,251.0625,18.1875,-109.1875,212.55798,18.29,0.3458252
4699,3,2.2072854,21.4931,238.40298,341.125,90,38,38,19.321898,50.285004,2.2072854,341.125,-5.9375,-116.25,212.55798,18.29,1.0932922
4708,3,-6.1118402,21.438093,238.7566,11.625,90,36,36,34.816303,41.899155,-6.1118402,11.625,-14.5625,-113.125,212.55798,18.29,1.6084595
4716,3,-6.4349136,21.386614,239.00009,38.3125,90,35,35,35.80377,42.700104,-6.4349136,38.3125,-21.6875,-107.125,212.55798,18.29,1.6798401
4726,3,-16.34284,21.223185,239.31033,60.5625,90,34,34,46.143326,30.59723,-16.34284,60.5625,-26.4375,-98.0625,213.14769,18.29,1.7630005
4736,3,-25.452288,20.968662,239.54088,78.875,90,33,33,51.01681,15.028045,-25.452288,78.875,-27.5625,-87.3125,213.14769,18.29,1.7265625
4746,3,-32.88108,20.63985,239.70546,94.1875,90,33,33,49.927303,-1.9934869,-32.88108,94.1875,-24.75,-77,213.14769,18.29,1.440918
4755,3,-37.342903,20.303764,239.82205,94.1875,90,32,32,42.171463,-20.123491,-37.342903,94.1875,-24.75,-77,213.14769,18.29,0.9996033
4763,3,-38.883034,19.9927,239.90556,107.4375,90,32,32,30.285322,-34.410446,-38.883034,107.4375,-18.625,-68.875,213.14769,18.29,0.5257263
4774,3,-36.33541,19.593012,239.96657,119.5,90,32,32,15.209823,-44.749294,-36.33541,119.5,-10.1875,-63.875,213.14769,18.29,0.08157349
4785,3,-30.61051,19.256296,240.01215,142.75,90,32,32,-1.0232838,-49.52088,-30.61051,142.75,8.625,-63.625,213.14769,18.29,-0.5118408
4810,3,-3.8356943,19.160404,240.28642,168.75,90,33,33,-42.22084,-28.733503,-3.8356943,168.75,23.0625,-75.3125,214.76607,18.3,-0.9747925
4819,3,3.1071284,19.188368,240.56754,184.25,90,34,34,-47.221066,-12.931535,3.1071284,184.25,26.25,-84.5625,214.76607,18.3,-0.8147888
4827,3,7.752606,19.25039,240.82574,202.3125,90,34,34,-47.146255,4.0563745,7.752606,202.3125,25.9375,-94.3125,214.76607,18.3,-0.4202881
4837,3,7.322572,19.323614,241.04262,223.5625,90,34,34,-46.495846,5.6346307,7.322572,223.5625,22.5625,-102.9375,214.76607,18.3,-0.050842285
4847,3,8.61835,19.409798,241.2139,248.375,90,34,34,-41.541965,22.159367,8.61835,248.375,16.75,-109.25,214.76607,18.3,0.28375244
4855,3,8.58864,19.478506,241.47963,276.4375,90,33,33,-31.75748,34.762665,8.58864,276.4375,9.5,-112.9375,215.43906,18.3,0.5819702
4864,3,5.6812286,19.529636,241.70284,276.4375,90,33,33,-17.712236,44.2865,5.6812286,276.4375,9.5,-112.9375,215.43906,18.3,0.93621826
4875,3,1.1806823,19.542624,241.87877,306.375,90,33,33,-2.3386495,48.463665,1.1806823,306.375,1.6875,-114.1875,215.43906,18.3,1.2139282
4886,3,-4.3305545,19.494987,242.01265,4.3125,90,32,32,13.530816,46.892292,-4.3305545,4.3125,-12.75,-109.75,215.43906,18.3,1.3713684
4896,3,-9.279485,19.402193,242.11322,29.4375,90,31,31,26.181854,39.49976,-9.279485,29.4375,-18.1875,-104.4375,215.43906,18.3,1.3761597
4924,3,-24.308968,18.721542,242.33824,70.8125,90,30,30,42.789906,-1.8640816,-24.308968,70.8125,-22.8125,-89.5,216.27895,18.3,1.2767639
4935,3,-26.514797,18.42988,242.5356,88,90,30,30,36.98774,-16.7368,-26.514797,88,-21.375,-81.625,216.27895,18.3,0.39056396
4946,3,-27.812565,18.123941,242.69824,117.875,90,30,30,27.950792,-28.516216,-27.812565,117.875,-11.6875,-69.75,216.27895,18.3,0.09402466
4954,3,-27.499437,17.903946,242.82709,117.875,90,30,30,15.018724,-37.446445,-27.499437,117.875,-11.6875,-69.75,216.27895,18.3,-0.20425415
4962,3,-25.264093,17.701834,242.92714,131.4375,90,30,30,0.5784658,-41.1325,-25.264093,131.4375,-4.625,-66.875,216.27895,18.3,-0.39907837
4974,3,-22.18948,17.43556,243.0044,144.5625,90,30,30,-13.868979,-39.804787,-22.18948,144.5625,3.125,-66.25,216.27895,18.3,-0.59454346
4985,3,-17.24583,17.245855,243.28902,157.625,90,31,31,-26.440886,-34.03781,-17.24583,157.625,10.8125,-68.0625,217.6842,18.3,-0.90686035
4996,3,-11.444863,17.119963,243.56964,185.625,90,31,31,-35.52251,-24.328798,-11.444863,185.625,22.75,-79.3125,217.6842,18.3,-0.88171387
5004,3,-5.6388326,17.074852,243.81859,185.625,90,32,32,-40.34213,-12.40756,-5.6388326,185.625,22.75,-79.3125,217.6842,18.3,-0.76831055
5013,3,-0.40938568,17.071167,244.02217,201.6875,90,32,32,-40.17092,0.040949948,-0.40938568,201.6875,25.1875,-88.0625,217.6842,18.3,-0.5672302
5038,3,5.9760265,17.220568,244.18022,267.8125,90,32,32,-25.528828,25.883615,5.9760265,267.8125,14.25,-111.5625,217.6842,18.3,-0.3580017
5047,3,5.2929764,17.268204,244.37506,297.1875,90,32,32,-14.056435,32.89605,5.2929764,297.1875,6.3125,-114.9375,218.06418,18.3,0.03704834
5056,3,2.95317,17.294783,244.5312,328.625,90,32,32,-2.7655833,35.93818,2.95317,328.625,-2.25,-115.5,218.06418,18.3,0.30252075
5064,3,-1.2800287,17.284542,244.65242,328.625,90,32,32,10.261244,35.82953,-1.2800287,328.625,-2.25,-115.5,218.06418,18.3,0.49240112
5075,3,-6.6293483,17.211618,244.7453,359.25,90,32,32,21.365614,31.548603,-6.6293483,359.25,-10.625,-113.3125,218.06418,18.3,0.5866699
5086,3,-12.726405,17.071629,244.81647,50.125,90,31,31,30.26025,23.394075,-12.726405,50.125,-22.9375,-100.75,218.06418,18.3,0.5561218
5097,3,-18.699608,16.865932,244.8714,69.875,90,31,31,35.218292,13.059422,-18.699608,69.875,-25,-91.5625,218.06418,18.3,0.39944458
5105,3,-23.407312,16.678675,244.91429,69.875,90,31,31,35.79021,0.8792339,-23.407312,69.875,-25,-91.5625,218.06418,18.3,0.14663696
5113,3,-26.651463,16.465464,245.12732,86.75,90,31,31,32.340572,-11.281266,-26.651463,86.75,-23.75,-82.25,219.38136,18.31,-0.08554077
5124,3,-27.703094,16.16073,245.34273,101.5625,90,31,31,25.22629,-21.431547,-27.703094,101.5625,-19.5,-74.3125,219.38136,18.31,-0.18069458
5149,3,-19.87524,15.663849,245.5426,140.5625,90,31,31,-7.1558714,-33.60794,-19.87524,140.5625,3.125,-65.6875,219.38136,18.31,-0.40637207
5157,3,-19.237463,15.509949,245.71532,153.5625,90,32,32,-6.7798553,-32.22709,-19.237463,153.5625,10.875,-68.125,219.38136,18.31,-0.9092407
5166,3,-14.77054,15.377014,245.8571,153.5625,90,33,33,-18.390614,-29.971716,-14.77054,153.5625,10.875,-68.125,219.38136,18.31,-0.911438
5176,3,-9.288119,15.284133,246.06213,182.375,90,33,33,-26.976768,-21.655811,-9.288119,182.375,21.875,-79.9375,219.89185,18.31,-0.9430237
5187,3,-4.6637874,15.232831,246.23715,199.1875,90,34,34,-31.696365,-11.513704,-4.6637874,199.1875,23.6875,-88.1875,219.89185,18.31,-0.85427856
5197,3,-1.2753162,15.2200775,246.37926,218.4375,90,34,34,-32.741295,-0.5962542,-1.2753162,218.4375,22.625,-96.5,219.89185,18.31,-0.7378235
5205,3,1.051603,15.22849,246.49127,218.4375,90,34,34,-30.391575,10.765012,1.051603,218.4375,22.625,-96.5,219.89185,18.31,-0.60095215
5213,3,1.7573022,15.242548,246.57843,240.5,90,34,34,-24.69481,20.977348,1.7573022,240.5,19,-103.5625,219.89185,18.31,-0.46792603
5224,3,1.2156283,15.255919,246.64613,265.6875,90,35,35,-15.784126,28.406225,1.2156283,265.6875,13.4375,-108.75,219.89185,18.31,-0.35528564
5236,3,-0.67840105,15.247779,246.69904,293.5,90,35,35,-5.0382485,32.6839,-0.67840105,293.5,6.625,-111.6875,219.89185,18.31,-0.2644043
5260,3,-10.20734,15.002803,246.92856,18.1875,90,35,35,23.101225,22.388123,-10.20734,18.1875,-13.8125,-107.1875,221.20874,18.31,-0.2185669
5268,3,-9.780443,14.92456,247.15854,42.1875,90,35,35,23.777489,23.0421,-9.780443,42.1875,-18.5625,-101.625,221.20874,18.31,-0.3305359
5278,3,-13.38191,14.790741,247.36911,63.4375,90,35,35,29.343143,14.390266,-13.38191,63.4375,-21.25,-94.625,221.20874,18.31,-0.19973755
5287,3,-17.052843,14.637265,247.54832,82.1875,90,35,35,30.733269,3.440034,-17.052843,82.1875,-21.5,-87.0625,221.20874,18.31,-0.1763916
5298,3,-19.403307,14.423829,247.69327,99,90,36,36,28.15957,-8.09284,-19.403307,99,-19.375,-79.8125,221.20874,18.31,-0.21243286
5306,3,-20.90086,14.256622,247.86166,99,90,36,36,22.435143,-17.122519,-20.90086,99,-19.375,-79.8125,221.50409,18.32,-0.35849
5314,3,-21.253012,14.086598,247.999,114.3125,90,36,36,14.176959,-23.720005,-21.253012,114.3125,-15.0625,-73.875,221.50409,18.32,-0.4086609
5325,3,-20.436756,13.861794,248.1078,128.6875,90,36,36,4.467528,-27.279478,-20.436756,128.6875,-9.125,-69.75,221.50409,18.32,-0.49505615
5336,3,-19.135754,13.651301,248.19292,142.375,90,37,37,-5.641327,-27.632973,-19.135754,142.375,-2.1875,-67.6875,221.50409,18.32,-0.68322754
5347,3,-16.480442,13.4700165,248.25935,169.5625,90,37,37,-15.327347,-24.660955,-16.480442,169.5625,12.0625,-70.25,221.50409,18.32,-0.87323
5374,3,-6.247968,13.301321,248.44695,199,90,38,38,-29.792894,-1.282515,-6.247968,199,22.25,-81.625,222.39943,18.31,-1.0415955
5385,3,-2.9623249,13.268736,248.621,215.8125,90,39,39,-27.940502,8.246786,-2.9623249,215.8125,24,-89.75,222.39943,18.31,-1.0665894
5396,3,-0.58005714,13.262355,248.77277,234.875,90,40,40,-22.766125,16.553053,-0.58005714,234.875,23,-98.25,222.39943,18.31,-0.90982056
5404,3,0.6180439,13.2673,248.89922,257,90,40,40,-15.413246,22.382692,0.6180439,257,19.1875,-105.75,222.39943,18.31,-0.7581177
5412,3,0.8460053,13.274068,249.00157,282.625,90,40,40,-6.3968086,25.44125,0.8460053,282.625,13.1875,-111.375,222.39943,18.31,-0.6187439
5420,3,-0.2824142,13.271809,249.08319,311.6875,90,40,40,2.8929749,26.101116,-0.2824142,311.6875,5.625,-114.6875,222.39943,18.31,-0.50390625
5429,3,0.15312293,13.273187,249.14796,342.75,90,41,41,3.881294,26.888319,0.15312293,342.75,-2.6875,-115.5,222.39943,18.31,-0.4220276
5438,3,-2.356203,13.251981,249.34258,13.375,90,41,41,13.377025,24.569893,-2.356203,13.375,-11,-113.625,223.37498,18.31,-0.35284424
5448,3,-6.012223,13.191858,249.52759,41.25,90,41,41,19.678862,19.098564,-6.012223,41.25,-18.4375,-109,223.37498,18.31,-0.18273926
5456,3,-10.288026,13.109554,249.69176,41.25,90,41,41,24.522884,11.136906,-10.288026,41.25,-18.4375,-109,223.37498,18.31,-0.072906494
5481,3,-20.916042,12.586653,249.82997,102.875,90,41,41,19.62845,-13.05338,-20.916042,102.875,-26.3125,-82.0625,223.37498,18.31,-0.013000488
5489,3,-21.326319,12.416042,249.94235,117.75,90,41,41,20.897493,-11.791857,-21.326319,117.75,-22.375,-72.875,223.37498,18.31,-0.54159546
5499,3,-23.205442,12.183988,250.07944,131,90,42,42,14.156958,-17.878763,-23.205442,131,-15.6875,-65.9375,223.65704,18.32,-0.6385803
5507,3,-23.21434,11.998273,250.19354,131,90,42,42,4.4920382,-22.349195,-23.21434,131,-15.6875,-65.9375,223.65704,18.32,-0.7958679
5515,3,-21.915615,11.8229475,250.28624,143.125,90,43,43,-4.4010644,-23.219818,-21.915615,143.125,-7,-61.8125,223.65704,18.32,-0.8986206
5526,3,-19.283775,11.610826,250.36063,154.625,90,43,43,-12.828218,-21.374634,-19.283775,154.625,2.5625,-60.5,223.65704,18.32,-1.0112915
5537,3,-15.690648,11.438229,250.4201,166.0625,90,44,44,-19.864151,-17.013817,-15.690648,166.0625,12.25,-62.25,223.65704,18.32,-1.1862793
5548,3,-11.006833,11.32816,250.46779,177.8125,90,44,44,-24.343317,-10.479747,-11.006833,177.8125,21.0625,-67.125,223.65704,18.32,-1.3273926
5555,3,-6.5409203,11.275833,250.50626,190.375,90,45,45,-25.84132,-3.342145,-6.5409203,190.375,27.875,-75.3125,223.65704,18.32,-1.405365
5563,3,-2.4994657,11.255837,250.64311,204.5,90,46,46,-24.363361,4.0091476,-2.4994657,204.5,31.5625,-86.3125,224.50221,18.32,-1.4238892
5589,3,3.3133578,11.341985,250.77473,266.375,90,46,46,-13.101504,16.298758,3.3133578,266.375,19.4375,-117.375,224.50221,18.32,-1.3063965
5599,3,3.515923,11.377144,250.89503,297.375,90,47,47,-7.4551563,19.503998,3.515923,297.375,9.8125,-122.25,224.50221,18.32,-1.0668945
5607,3,2.5825658,11.397804,251.00058,297.375,90,48,48,0.3216251,21.408108,2.5825658,297.375,9.8125,-122.25,224.50221,18.32,-0.893219
5614,3,-0.083447635,11.39722,251.09045,332.9375,90,48,48,8.890951,20.578897,-0.083447635,332.9375,-0.8125,-123.9375,224.50221,18.32,-0.75930786
5625,3,-4.152163,11.351546,251.21071,8.5625,90,48,48,15.791318,17.575441,-4.152163,8.5625,-11.6875,-122.5,224.8105,18.32,-0.66778564
5635,3,-8.984544,11.261701,251.30544,39.75,90,49,49,20.505402,12.533038,-8.984544,39.75,-21.75,-117.75,224.74165,18.32,-0.6008911
5645,3,-13.836978,11.123331,251.38483,64.875,90,49,49,22.465347,6.2817626,-13.836978,64.875,-29.9375,-109.3125,224.74165,18.32,-0.61224365
5653,3,-18.457157,10.975674,251.45049,84.5625,90,49,49,21.963123,0.086415306,-18.457157,84.5625,-34.875,-97.375,224.74165,18.32,-0.697937
5660,3,-22.068886,10.821192,251.50447,100.3125,90,50,50,19.250902,-6.2241263,-22.068886,100.3125,-35.5,-83.5625,224.74165,18.32,-0.80249023
5668,3,-22.068886,10.644641,251.54883,113.1875,90,50,50,19.250902,-6.2241263,-22.068886,113.1875,-31.625,-70.6875,224.74165,18.32,-0.9186096
5695,3,-24.504242,9.9830265,251.65816,133.9375,90,51,51,0.85120314,-18.729723,-24.504242,133.9375,-14,-54.75,225.32434,18.32,-1.0692749
5702,3,-21.919708,9.829589,251.75935,142.9375,90,53,53,-6.400512,-19.270958,-21.919708,142.9375,-2.625,-51.875,225.32434,18.32,-1.696167
5710,3,-21.569984,9.657029,251.84976,151.5625,90,53,53,-4.747204,-17.788588,-21.569984,151.5625,9.0625,-52.1875,225.32434,18.32,-1.7430725
5718,3,-18.053938,9.512598,251.92839,151.5625,90,54,54,-12.715212,-17.794323,-18.053938,151.5625,9.0625,-52.1875,225.32434,18.32,-1.8270874
5728,3,-13.531467,9.377283,251.9955,169.4375,90,55,55,-17.627676,-14.618352,-13.531467,169.4375,30.3125,-62.875,225.32434,18.32,-1.8940125
5738,3,-8.720448,9.290078,252.0521,179.5625,90,56,56,-19.968266,-10.243674,-8.720448,179.5625,37.5625,-74.25,225.32434,18.32,-1.9633789
5749,3,-4.110762,9.248971,252.09955,191.375,90,57,57,-20.831812,-4.960086,-4.110762,191.375,40.75,-89.125,225.32434,18.32,-1.9934692
5756,3,-0.30896628,9.246499,252.17278,191.375,90,58,58,-19.571453,0.491446,-0.30896628,191.375,40.75,-89.125,225.59822,18.33,-1.9856873
5764,3,2.5250938,9.2667,252.23755,205.75,90,59,59,-16.567232,5.766485,2.5250938,205.75,39,-104.5625,225.59822,18.33,-1.9124451
5772,3,4.1531363,9.299925,252.29391,224.25,90,59,59,-11.719282,10.320206,4.1531363,224.25,32.75,-117.25,225.59822,18.33,-1.8250732
5799,3,2.7520008,9.3742285,252.34245,319.625,90,60,60,-0.17184113,16.143572,2.7520008,319.625,0.375,-132.6875,225.59822,18.33,-1.7327881
5807,3,0.10991077,9.375108,252.38399,319.625,90,62,62,5.518942,16.767578,0.10991077,319.625,0.375,-132.6875,225.59822,18.33,-1.6061401
5814,3,-3.7078924,9.349153,252.41942,358.875,90,63,63,10.547993,15.726059,-3.7078924,358.875,-11.625,-131.6875,225.59822,18.33,-1.5589905
5823,3,-7.855711,9.278451,252.5133,32.125,90,63,63,14.217435,13.539118,-7.855711,32.125,-23.125,-127.6875,226.18506,18.32,-1.5490112
5831,3,-12.12711,9.181434,252.60326,57.4375,90,64,64,16.579721,10.32933,-12.12711,57.4375,-33.1875,-120.0625,226.18506,18.32,-1.5269775
5840,3,-12.171327,9.071892,252.68646,76.3125,90,65,65,17.901934,11.823336,-12.171327,76.3125,-40.6875,-108.1875,226.18506,18.32,-1.5358276
5850,3,-16.303316,8.925162,252.76128,90.625,90,65,65,17.460115,6.1444554,-16.303316,90.625,-44.25,-92.375,226.18506,18.32,-1.5646667
5857,3,-19.898949,8.765971,252.82707,90.625,90,66,66,16.495605,1.7789981,-19.898949,90.625,-44.25,-92.375,226.18506,18.32,-1.6402283
5865,3,-22.504133,8.585938,252.88403,101.9375,90,67,67,14.365794,-2.8698268,-22.504133,101.9375,-42.75,-75.6875,226.18506,18.32,-1.7226562
5874,3,-23.892546,8.370906,252.93285,111.1875,90,68,68,10.970298,-7.1571536,-23.892546,111.1875,-36.75,-61.875,226.18506,18.32,-1.8326721
5900,3,-22.852468,7.7767415,253.02592,132.5625,90,68,68,2.1384203,-13.03648,-22.852468,132.5625,-4.875,-43.9375,226.62085,18.33,-1.9836426
5907,3,-20.745703,7.6315217,253.112,132.5625,90,72,72,-2.2987263,-14.463627,-20.745703,132.5625,-4.875,-43.9375,226.62085,18.33,-2.431244
5915,3,-17.717316,7.4897833,253.18927,138.8125,90,72,72,-6.505934,-14.718327,-17.717316,138.8125,7.125,-43.75,226.62085,18.33,-2.4641113
5923,3,-14.225387,7.3759804,253.25708,145,90,73,73,-10.078922,-13.950734,-14.225387,145,19,-46.0625,226.62085,18.33,-2.504364
5931,3,-10.42393,7.2925887,253.31563,151.4375,90,74,74,-12.235115,-12.005754,-10.42393,151.4375,30,-51.375,226.62085,18.33,-2.5309448
5940,3,-9.919333,7.203315,253.36566,158.375,90,76,76,-10.736921,-10.298573,-9.919333,158.375,39.4375,-60.5,226.62085,18.33,-2.541504
5950,3,-6.6268964,7.137046,253.43784,166.1875,90,77,77,-13.803655,-9.234679,-6.6268964,166.1875,46,-74.125,226.86856,18.33,-2.5654602
5957,3,-3.3380244,7.11368,253.50208,166.1875,90,78,78,-14.266574,-5.9907737,-3.3380244,166.1875,46,-74.125,226.86856,18.33,-2.5482178
5965,3,-0.6701873,7.1083183,253.55832,175.4375,90,79,79,-13.486228,-2.3854988,-0.6701873,175.4375,48.375,-91.375,226.86856,18.33,-2.5030823
5972,3,1.3013163,7.1174273,253.60698,186.75,90,80,80,-11.569488,1.3258122,1.3013163,186.75,45.8125,-108.4375,226.86856,18.33,-2.4511414
5999,3,2.2826374,7.1790586,253.64879,220.9375,90,81,81,-6.08233,7.8503532,2.2826374,220.9375,30.125,-130.8125,226.86856,18.33,-2.3946838
6006,3,1.5065112,7.1896043,253.68459,247.625,90,84,84,-2.7746358,10.29503,1.5065112,247.625,19.5,-136.25,226.86856,18.33,-2.301361
6014,3,-0.29445407,7.1872487,253.7279,127.4375,90,85,85,0.615146,11.76325,-0.29445407,127.4375,8.125,-139,226.98625,18.33,-2.2563782
6022,3,-2.5273767,7.169557,253.76591,132.6875,90,85,85,3.797471,12.595861,-2.5273767,132.6875,-3.4375,-139.625,226.98625,18.33,-2.2149658
6030,3,-2.3826752,7.1481133,253.7991,137.9375,90,86,86,4.876223,14.101236,-2.3826752,137.9375,-14.9375,-138.125,226.98625,18.33,-2.1915894
6040,3,-5.187918,7.096234,253.82799,31.9375,90,87,87,6.5707517,12.579049,-5.187918,31.9375,-26,-134.4375,226.98625,18.33,-2.1763
6050,3,-8.179371,7.01444,253.85312,54.125,90,88,88,8.819988,11.643483,-8.179371,54.125,-35.9375,-127.8125,226.98625,18.33,-2.1906738
6057,3,-11.229294,6.935835,253.875,54.125,90,89,89,10.19868,10.062933,-11.229294,54.125,-35.9375,-127.8125,226.98625,18.33,-2.2338257
6065,3,-13.992651,6.8238935,253.89407,70.3125,90,90,90,11.028444,7.877469,-13.992651,70.3125,-44.1875,-117.375,226.98625,18.33,-2.2775574
6072,3,-16.464127,6.708645,253.91075,82.5,90,90,90,11.182406,5.266863,-16.464127,82.5,-49.5,-102.5625,226.98625,18.33,-2.3440857
6099,3,-19.689405,6.177031,253.97447,99.8125,90,90,90,9.195638,-0.29119563,-19.689405,99.8125,-47.5,-68.3125,227.5742,18.33,-2.411621
6106,3,-20.351593,6.0345697,254.03772,106.375,90,90,90,7.5231004,-3.0105848,-20.351593,106.375,-40.875,-55.5625,227.5742,18.33,-2.7366028
6114,3,-20.441452,5.871038,254.09882,112.0625,90,90,90,5.4377127,-5.463963,-20.441452,112.0625,-32.0625,-47,227.5742,18.33,-2.7775574
6121,3,-20.10967,5.7302704,254.15642,117.125,90,90,90,6.4077897,-3.769241,-20.10967,117.125,-22.0625,-41.625,227.5742,18.33,-2.832367
6130,3,-19.836252,5.551744,254.20961,121.875,90,90,90,3.1356533,-7.507108,-19.836252,121.875,-11.375,-38.5625,227.5742,18.33,-2.8631287
6140,3,-18.585947,5.3658843,254.28287,126.3125,90,90,90,0.6684787,-8.941492,-18.585947,126.3125,-0.4375,-37.375,227.81422,18.33,-2.921997
6150,3,-16.929405,5.1965904,254.35165,130.6875,90,90,90,-1.6717316,-9.954424,-16.929405,130.6875,10.4375,-37.8125,227.81422,18.33,-2.965454
6157,3,-14.972236,5.091785,254.41466,130.6875,90,90,90,-3.7962997,-10.422513,-14.972236,130.6875,10.4375,-37.8125,227.81422,18.33,-3.0029907
6165,3,-12.730994,5.002668,254.47124,135.125,90,90,90,-5.6827593,-10.260108,-12.730994,135.125,21.125,-39.9375,227.81422,18.33,-3.0057983
6172,3,-12.366411,4.9037366,254.52129,139.625,90,90,90,-4.5404305,-8.56731,-12.366411,139.625,31.3125,-44.125,227.81422,18.33,-3.0052185
6199,3,-5.9001226,4.7444334,254.5651,149.75,90,90,90,-8.7515955,-6.7048955,-5.9001226,149.75,48.1875,-61.75,227.81422,18.33,-3.0158691
6206,3,-3.9819674,4.7165594,254.60161,155.75,90,90,90,-8.832103,-4.711462,-3.9819674,155.75,53.125,-76.8125,227.79984,18.33,-3.055542
6213,3,-2.4301205,4.6995487,254.63312,162.75,90,90,90,-8.348086,-2.6098325,-2.4301205,162.75,54.375,-94.875,227.79984,18.33,-3.0336304
6220,3,-2.4301205,4.682538,254.66031,171.1875,90,90,90,-8.348086,-2.6098325,-2.4301205,171.1875,51.5,-111.9375,227.79984,18.33,-3.0110168
6230,3,-1.3820667,4.6687174,254.68379,181.75,90,90,90,-7.5574837,-0.4224714,-1.3820667,181.75,45.4375,-125.0625,227.79984,18.33,-2.9927368
6240,3,-0.7322792,4.6613946,254.70413,181.75,90,90,90,-6.4342237,1.7286376,-0.7322792,181.75,45.4375,-125.0625,227.79984,18.33,-2.9765015
6250,3,-0.59290504,4.6554656,254.72179,195.5625,90,90,90,-5.0241995,3.7436712,-0.59290504,195.5625,37.3125,-134.0625,227.79984,18.33,-2.9599915
6257,3,-0.9271015,4.648976,254.73718,214.25,90,90,90,-3.3896282,5.3570213,-0.9271015,214.25,28.0625,-139.875,227.79984,18.33,-2.9454346
6264,3,-1.5725677,4.637968,254.75064,117.5625,90,90,90,-1.7424113,6.8336334,-1.5725677,117.5625,18.0625,-143.5,227.79984,18.33,-2.9334717
6272,3,-1.4641256,4.626255,254.78917,121.4375,90,90,90,-0.82080543,8.1959505,-1.4641256,121.4375,7.8125,-145.375,228.13597,18.33,-2.9257507
6299,3,-5.574999,4.47573,254.82568,128.8125,90,90,90,3.0364985,8.855181,-5.574999,128.8125,-12.8125,-145.125,228.13597,18.33,-2.8933716
6306,3,-7.274346,4.4248095,254.85985,132.5,90,90,90,4.3425508,8.783189,-7.274346,132.5,-22.9375,-143,228.13597,18.33,-2.9357605
6313,3,-9.051514,4.361449,254.89148,45.0625,90,90,90,5.394962,8.342004,-9.051514,45.0625,-32.5625,-139.125,228.13597,18.33,-2.9282837
6320,3,-9.051514,4.298088,254.9205,61.1875,90,90,90,5.394962,8.342004,-9.051514,61.1875,-41.5,-132.9375,228.13597,18.33,-2.9298706
6330,3,-10.79752,4.190113,254.94695,73.1875,90,90,90,6.1409917,7.5653887,-10.79752,73.1875,-49.25,-123.5,228.13597,18.33,-2.9340515
6340,3,-12.436365,4.0657496,254.98604,73.1875,90,90,90,6.6236134,6.512433,-12.436365,73.1875,-49.25,-123.5,228.31844,18.33,-2.964203
6350,3,-13.896912,3.9267805,255.02272,82.4375,90,90,90,6.6757693,5.1711397,-13.896912,82.4375,-54.9375,-109.75,228.31844,18.33,-2.990326
6358,3,-15.164621,3.8206282,255.05672,89.8125,90,90,90,6.5413785,3.689113,-15.164621,89.8125,-57.5,-92.1875,228.31844,18.33,-3.026062
6365,3,-16.192085,3.6910915,255.08792,95.875,90,90,90,6.1375456,2.1346245,-16.192085,95.875,-56.3125,-73.8125,228.31844,18.33,-3.036621
6372,3,-15.995015,3.5791264,255.11633,101,90,90,90,6.9028316,3.569556,-15.995015,101,-51.75,-58.5625,228.31844,18.33,-3.059784
6398,3,-17.393478,3.126896,255.12651,109.375,90,90,90,3.3993604,-2.6550612,-17.393478,109.375,-36.6875,-40.25,228.13597,18.33,-3.0783691
6405,3,-17.121784,3.0070434,255.13531,112.9375,90,90,90,2.146806,-4.025784,-17.121784,112.9375,-27.625,-35.375,228.13597,18.33,-3.2580872
6413,3,-16.889011,2.8719313,255.143,116.1875,90,90,90,2.8803334,-2.6237156,-16.889011,116.1875,-18.1875,-32.25,228.13597,18.33,-3.2996063
6420,3,-16.511574,2.7563503,255.14975,116.1875,90,90,90,0.864451,-5.200264,-16.511574,116.1875,-18.1875,-32.25,228.13597,18.33,-3.340866
6430,3,-15.587785,2.6004725,255.1557,119.3125,90,90,90,-0.47860128,-6.069031,-15.587785,119.3125,-8.5,-30.5,228.13597,18.33,-3.3705597
6440,3,-14.535961,2.455113,255.161,122.25,90,90,90,-1.6401156,-6.644171,-14.535961,122.25,1.125,-29.75,228.13597,18.33,-3.4137268
6450,3,-13.316362,2.3219492,255.16571,125.0625,90,90,90,-2.736098,-6.96995,-13.316362,125.0625,10.875,-29.9375,228.13597,18.33,-3.4542542
6457,3,-11.979172,2.238095,255.16994,127.9375,90,90,90,-3.72528,-7.038469,-11.979172,127.9375,20.5,-31.125,228.13597,18.33,-3.4915009
6464,3,-10.58513,2.163999,255.18437,130.75,90,90,90,-4.5185146,-6.7914023,-10.58513,130.75,29.875,-33.5,228.31946,18.34,-3.5137177
6472,3,-10.58513,2.089903,255.19798,133.6875,90,90,90,-4.5185146,-6.7914023,-10.58513,133.6875,38.9375,-37.4375,228.31946,18.34,-3.522644
6497,3,-6.6173944,1.9178509,255.21077,140,90,90,90,-5.7031975,-4.8490095,-6.6173944,140,54.8125,-53.125,228.31946,18.34,-3.5323792
6504,3,-5.5832334,1.8787682,255.22276,143.5625,90,90,90,-5.600532,-3.9265263,-5.5832334,143.5625,60.5,-67.5,228.31946,18.34,-3.5690765
6511,3,-5.5832334,1.8396856,255.23398,147.625,90,90,90,-5.600532,-3.9265263,-5.5832334,147.625,63.25,-86.8125,228.31946,18.34,-3.5653076
6518,3,-4.643154,1.8071835,255.24445,147.625,90,90,90,-5.4219823,-2.8330584,-4.643154,147.625,63.25,-86.8125,228.31946,18.34,-3.5623016
6526,3,-3.911359,1.7758926,255.26126,152.1875,90,90,90,-5.0090785,-1.7111325,-3.911359,152.1875,62.3125,-107.5,228.4459,18.34,-3.55867
6533,3,-3.8022435,1.7492769,255.2755,157.6875,90,90,90,-4.1069775,-0.40027478,-3.8022435,157.6875,57.9375,-124.4375,228.41301,18.34,-3.5484314
6542,3,-3.3422735,1.7191964,255.28896,164.375,90,90,90,-4.474347,-0.5423727,-3.3422735,164.375,51.4375,-136.1875,228.41301,18.34,-3.539795
6551,3,-3.058466,1.6916703,255.30165,173,90,90,90,-3.7597213,0.4515053,-3.058466,173,43.6875,-143.9375,228.41301,18.34,-3.5326538
6558,3,-2.9540093,1.6709923,255.31358,173,90,90,90,-3.038227,1.5025461,-2.9540093,173,43.6875,-143.9375,228.41301,18.34,-3.5257416
6565,3,-3.0518382,1.6496294,255.32477,184.5625,90,90,90,-2.1985211,2.501935,-3.0518382,184.5625,35.25,-149.125,228.41301,18.34,-3.5181732
6591,3,-3.8163075,1.5504054,255.35263,117.5,90,90,90,-0.53171295,3.8725634,-3.8163075,117.5,17.375,-154.75,228.72552,18.34,-3.5114746
6601,3,-4.422861,1.5061768,255.38048,119.625,90,90,90,0.27700332,4.5321584,-4.422861,119.625,8.3125,-156.125,228.72552,18.34,-3.5044708
6608,3,-5.142627,1.4701785,255.40797,121.6875,90,90,90,1.0232329,4.9803357,-5.142627,121.6875,-0.75,-156.75,228.72552,18.34,-3.4859314
6615,3,-5.9192247,1.428744,255.4348,123.6875,90,90,90,1.6723413,5.251579,-5.9192247,123.6875,-9.875,-156.8125,228.72552,18.34,-3.4660034
6622,3,-5.9192247,1.3873094,255.46068,125.5625,90,90,90,1.6723413,5.251579,-5.9192247,125.5625,-18.9375,-156.25,228.72552,18.34,-3.447876
6631,3,-6.79978,1.3261114,255.4854,127.4375,90,90,90,2.259822,5.3094635,-6.79978,127.4375,-27.875,-154.9375,228.72552,18.34,-3.430725
6641,3,-7.690004,1.2492114,255.50882,127.4375,90,90,90,2.7170722,5.327031,-7.690004,127.4375,-27.875,-154.9375,228.72552,18.34,-3.418869
6651,3,-8.632973,1.1628817,255.53084,129.25,90,90,90,3.1039205,5.223308,-8.632973,129.25,-36.6875,-152.75,228.72552,18.34,-3.411621
6658,3,-9.600377,1.095679,255.52312,77.4375,90,90,90,3.4405468,5.0158844,-9.600377,77.4375,-45.25,-149.25,228.3205,18.34,-3.4077606